Run	Age	Assay Type	AvgSpotLen	Bases	BioProject	BioSample	Bytes	Center Name	Consent	DATASTORE filetype	DATASTORE provider	DATASTORE region	Experiment	genotype	GEO_Accession (exp)	housing_condition	Instrument	LibraryLayout	LibrarySelection	LibrarySource	Organism	Platform	ReleaseDate	Sample Name	sex	source_name	SRA Study	strain	tissue	create_date	version
SRR1795021	2 month	RNA-Seq	102	4028893206	PRJNA274985	SAMN03334121	2556739664	GEO	public	fastq,run.zq,sra	gs,ncbi,s3	gs.US,ncbi.public,s3.us-east-1	SRX870391	Het (Q111) Knock-In	GSM1605718	housed with Het (Q111) mice	Illumina HiSeq 2000	PAIRED	cDNA	TRANSCRIPTOMIC	Mus musculus	ILLUMINA	2016-02-16T00:00:00Z	GSM1605718	female	striatum	SRP053398	C57BL/6	striatum	2015-02-09T21:44:00Z	1
SRR1795022	2 month	RNA-Seq	102	4574852388	PRJNA274985	SAMN03334515	2882863739	GEO	public	fastq,run.zq,sra	gs,ncbi,s3	gs.US,ncbi.public,s3.us-east-1	SRX870392	Het (Q111) Knock-In	GSM1605719	housed with Het (Q111) mice	Illumina HiSeq 2000	PAIRED	cDNA	TRANSCRIPTOMIC	Mus musculus	ILLUMINA	2016-02-16T00:00:00Z	GSM1605719	female	striatum	SRP053398	C57BL/6	striatum	2015-02-09T21:43:00Z	1
SRR1795023	2 month	RNA-Seq	102	3897885834	PRJNA274985	SAMN03334610	2451464322	GEO	public	fastq,run.zq,sra	gs,ncbi,s3	gs.US,ncbi.public,s3.us-east-1	SRX870393	Het (Q111) Knock-In	GSM1605720	housed with Het (Q111) mice	Illumina HiSeq 2000	PAIRED	cDNA	TRANSCRIPTOMIC	Mus musculus	ILLUMINA	2016-02-16T00:00:00Z	GSM1605720	female	striatum	SRP053398	C57BL/6	striatum	2015-02-09T21:42:00Z	1
SRR1795024	2 month	RNA-Seq	102	4268362890	PRJNA274985	SAMN03334082	2876612237	GEO	public	fastq,run.zq,sra	gs,ncbi,s3	gs.US,ncbi.public,s3.us-east-1	SRX870394	Het (Q111) Knock-In	GSM1605721	housed with Het (Q111) mice	Illumina HiSeq 2000	PAIRED	cDNA	TRANSCRIPTOMIC	Mus musculus	ILLUMINA	2016-02-16T00:00:00Z	GSM1605721	female	striatum	SRP053398	C57BL/6	striatum	2015-02-09T21:43:00Z	1
SRR1795025	2 month	RNA-Seq	102	3972906018	PRJNA274985	SAMN03333818	2539746174	GEO	public	fastq,run.zq,sra	gs,ncbi,s3	gs.US,ncbi.public,s3.us-east-1	SRX870395	Het (Q111) Knock-In	GSM1605722	housed with Het (Q111) mice	Illumina HiSeq 2000	PAIRED	cDNA	TRANSCRIPTOMIC	Mus musculus	ILLUMINA	2016-02-16T00:00:00Z	GSM1605722	male	striatum	SRP053398	C57BL/6	striatum	2015-02-09T21:46:00Z	1
SRR1795026	2 month	RNA-Seq	102	4161043386	PRJNA274985	SAMN03334370	2787710300	GEO	public	fastq,run.zq,sra	gs,ncbi,s3	gs.US,ncbi.public,s3.us-east-1	SRX870396	Het (Q111) Knock-In	GSM1605723	housed with Het (Q111) mice	Illumina HiSeq 2000	PAIRED	cDNA	TRANSCRIPTOMIC	Mus musculus	ILLUMINA	2016-02-16T00:00:00Z	GSM1605723	male	striatum	SRP053398	C57BL/6	striatum	2015-02-09T21:43:00Z	1
SRR1795027	2 month	RNA-Seq	102	3932692008	PRJNA274985	SAMN03333852	2591433578	GEO	public	fastq,run.zq,sra	gs,ncbi,s3	gs.US,ncbi.public,s3.us-east-1	SRX870397	Het (Q111) Knock-In	GSM1605724	housed with Het (Q111) mice	Illumina HiSeq 2000	PAIRED	cDNA	TRANSCRIPTOMIC	Mus musculus	ILLUMINA	2016-02-16T00:00:00Z	GSM1605724	male	striatum	SRP053398	C57BL/6	striatum	2015-02-09T21:40:00Z	1
SRR1795028	2 month	RNA-Seq	102	5158875012	PRJNA274985	SAMN03334182	3517418116	GEO	public	fastq,run.zq,sra	gs,ncbi,s3	gs.US,ncbi.public,s3.us-east-1	SRX870398	Het (Q111) Knock-In	GSM1605725	housed with Het (Q111) mice	Illumina HiSeq 2000	PAIRED	cDNA	TRANSCRIPTOMIC	Mus musculus	ILLUMINA	2016-02-16T00:00:00Z	GSM1605725	male	striatum	SRP053398	C57BL/6	striatum	2015-02-09T21:47:00Z	1
SRR1795029	6 month	RNA-Seq	100	5578745800	PRJNA274985	SAMN03334603	3665952544	GEO	public	fastq,run.zq,sra	gs,ncbi,s3	gs.US,ncbi.public,s3.us-east-1	SRX870399	Het (Q111) Knock-In	GSM1605726	housed with Het (Q111) mice	Illumina HiSeq 2000	PAIRED	cDNA	TRANSCRIPTOMIC	Mus musculus	ILLUMINA	2016-02-16T00:00:00Z	GSM1605726	female	striatum	SRP053398	C57BL/6	striatum	2015-02-09T21:43:00Z	1
SRR1795030	6 month	RNA-Seq	100	5925112200	PRJNA274985	SAMN03334458	3879788326	GEO	public	fastq,run.zq,sra	gs,ncbi,s3	gs.US,ncbi.public,s3.us-east-1	SRX870400	Het (Q111) Knock-In	GSM1605727	housed with Het (Q111) mice	Illumina HiSeq 2000	PAIRED	cDNA	TRANSCRIPTOMIC	Mus musculus	ILLUMINA	2016-02-16T00:00:00Z	GSM1605727	female	striatum	SRP053398	C57BL/6	striatum	2015-02-09T21:44:00Z	1
SRR1795031	6 month	RNA-Seq	100	5816664600	PRJNA274985	SAMN03333948	3869252514	GEO	public	fastq,run.zq,sra	gs,ncbi,s3	gs.US,ncbi.public,s3.us-east-1	SRX870401	Het (Q111) Knock-In	GSM1605728	housed with Het (Q111) mice	Illumina HiSeq 2000	PAIRED	cDNA	TRANSCRIPTOMIC	Mus musculus	ILLUMINA	2016-02-16T00:00:00Z	GSM1605728	female	striatum	SRP053398	C57BL/6	striatum	2015-02-09T21:44:00Z	1
SRR1795032	6 month	RNA-Seq	100	5590295600	PRJNA274985	SAMN03334768	3663491189	GEO	public	fastq,run.zq,sra	gs,ncbi,s3	gs.US,ncbi.public,s3.us-east-1	SRX870402	Het (Q111) Knock-In	GSM1605729	housed with Het (Q111) mice	Illumina HiSeq 2000	PAIRED	cDNA	TRANSCRIPTOMIC	Mus musculus	ILLUMINA	2016-02-16T00:00:00Z	GSM1605729	female	striatum	SRP053398	C57BL/6	striatum	2015-02-09T21:44:00Z	1
SRR1795033	6 month	RNA-Seq	100	5481785500	PRJNA274985	SAMN03334336	3573533092	GEO	public	fastq,run.zq,sra	gs,ncbi,s3	gs.US,ncbi.public,s3.us-east-1	SRX870403	Het (Q111) Knock-In	GSM1605730	housed with Het (Q111) mice	Illumina HiSeq 2000	PAIRED	cDNA	TRANSCRIPTOMIC	Mus musculus	ILLUMINA	2016-02-16T00:00:00Z	GSM1605730	male	striatum	SRP053398	C57BL/6	striatum	2015-02-09T21:42:00Z	1
SRR1795034	6 month	RNA-Seq	100	5731407500	PRJNA274985	SAMN03334493	3759263101	GEO	public	fastq,run.zq,sra	gs,ncbi,s3	gs.US,ncbi.public,s3.us-east-1	SRX870404	Het (Q111) Knock-In	GSM1605731	housed with Het (Q111) mice	Illumina HiSeq 2000	PAIRED	cDNA	TRANSCRIPTOMIC	Mus musculus	ILLUMINA	2016-02-16T00:00:00Z	GSM1605731	male	striatum	SRP053398	C57BL/6	striatum	2015-02-09T21:42:00Z	1
SRR1795035	6 month	RNA-Seq	100	6128749500	PRJNA274985	SAMN03334711	4042820064	GEO	public	fastq,run.zq,sra	gs,ncbi,s3	gs.US,ncbi.public,s3.us-east-1	SRX870405	Het (Q111) Knock-In	GSM1605732	housed with Het (Q111) mice	Illumina HiSeq 2000	PAIRED	cDNA	TRANSCRIPTOMIC	Mus musculus	ILLUMINA	2016-02-16T00:00:00Z	GSM1605732	male	striatum	SRP053398	C57BL/6	striatum	2015-02-09T21:44:00Z	1
SRR1795036	6 month	RNA-Seq	100	5211430400	PRJNA274985	SAMN03334063	3430570036	GEO	public	fastq,run.zq,sra	gs,ncbi,s3	gs.US,ncbi.public,s3.us-east-1	SRX870406	Het (Q111) Knock-In	GSM1605733	housed with Het (Q111) mice	Illumina HiSeq 2000	PAIRED	cDNA	TRANSCRIPTOMIC	Mus musculus	ILLUMINA	2016-02-16T00:00:00Z	GSM1605733	male	striatum	SRP053398	C57BL/6	striatum	2015-02-09T21:42:00Z	1
SRR1795037	10 month	RNA-Seq	102	4398693594	PRJNA274985	SAMN03333903	3000194700	GEO	public	fastq,run.zq,sra	gs,ncbi,s3	gs.US,ncbi.public,s3.us-east-1	SRX870407	Het (Q111) Knock-In	GSM1605734	housed with Het (Q111) mice	Illumina HiSeq 2000	PAIRED	cDNA	TRANSCRIPTOMIC	Mus musculus	ILLUMINA	2016-02-16T00:00:00Z	GSM1605734	female	striatum	SRP053398	C57BL/6	striatum	2015-02-09T21:39:00Z	1
SRR1795038	10 month	RNA-Seq	102	4490047650	PRJNA274985	SAMN03334454	3067357455	GEO	public	fastq,run.zq,sra	gs,ncbi,s3	gs.US,ncbi.public,s3.us-east-1	SRX870408	Het (Q111) Knock-In	GSM1605735	housed with Het (Q111) mice	Illumina HiSeq 2000	PAIRED	cDNA	TRANSCRIPTOMIC	Mus musculus	ILLUMINA	2016-02-16T00:00:00Z	GSM1605735	female	striatum	SRP053398	C57BL/6	striatum	2015-02-09T21:39:00Z	1
SRR1795039	10 month	RNA-Seq	102	4627812930	PRJNA274985	SAMN03334190	3172655598	GEO	public	fastq,run.zq,sra	gs,ncbi,s3	gs.US,ncbi.public,s3.us-east-1	SRX870409	Het (Q111) Knock-In	GSM1605736	housed with Het (Q111) mice	Illumina HiSeq 2000	PAIRED	cDNA	TRANSCRIPTOMIC	Mus musculus	ILLUMINA	2016-02-16T00:00:00Z	GSM1605736	female	striatum	SRP053398	C57BL/6	striatum	2015-02-09T21:41:00Z	1
SRR1795040	10 month	RNA-Seq	102	4708169856	PRJNA274985	SAMN03334281	3226537830	GEO	public	fastq,run.zq,sra	gs,ncbi,s3	gs.US,ncbi.public,s3.us-east-1	SRX870410	Het (Q111) Knock-In	GSM1605737	housed with Het (Q111) mice	Illumina HiSeq 2000	PAIRED	cDNA	TRANSCRIPTOMIC	Mus musculus	ILLUMINA	2016-02-16T00:00:00Z	GSM1605737	female	striatum	SRP053398	C57BL/6	striatum	2015-02-09T21:39:00Z	1
SRR1795041	10 month	RNA-Seq	102	4334607606	PRJNA274985	SAMN03334668	3060514423	GEO	public	fastq,run.zq,sra	gs,ncbi,s3	gs.US,ncbi.public,s3.us-east-1	SRX870411	Het (Q111) Knock-In	GSM1605738	housed with Het (Q111) mice	Illumina HiSeq 2000	PAIRED	cDNA	TRANSCRIPTOMIC	Mus musculus	ILLUMINA	2016-02-16T00:00:00Z	GSM1605738	male	striatum	SRP053398	C57BL/6	striatum	2015-02-09T21:37:00Z	1
SRR1795042	10 month	RNA-Seq	102	4815062898	PRJNA274985	SAMN03334803	3319316212	GEO	public	fastq,run.zq,sra	gs,ncbi,s3	gs.US,ncbi.public,s3.us-east-1	SRX870412	Het (Q111) Knock-In	GSM1605739	housed with Het (Q111) mice	Illumina HiSeq 2000	PAIRED	cDNA	TRANSCRIPTOMIC	Mus musculus	ILLUMINA	2016-02-16T00:00:00Z	GSM1605739	male	striatum	SRP053398	C57BL/6	striatum	2015-02-09T21:38:00Z	1
SRR1795043	10 month	RNA-Seq	102	5251915434	PRJNA274985	SAMN03334174	3649404644	GEO	public	fastq,run.zq,sra	gs,ncbi,s3	gs.US,ncbi.public,s3.us-east-1	SRX870413	Het (Q111) Knock-In	GSM1605740	housed with Het (Q111) mice	Illumina HiSeq 2000	PAIRED	cDNA	TRANSCRIPTOMIC	Mus musculus	ILLUMINA	2016-02-16T00:00:00Z	GSM1605740	male	striatum	SRP053398	C57BL/6	striatum	2015-02-09T21:49:00Z	1
SRR1795044	10 month	RNA-Seq	102	3903835392	PRJNA274985	SAMN03333927	2672976537	GEO	public	fastq,run.zq,sra	gs,ncbi,s3	gs.US,ncbi.public,s3.us-east-1	SRX870414	Het (Q111) Knock-In	GSM1605741	housed with Het (Q111) mice	Illumina HiSeq 2000	PAIRED	cDNA	TRANSCRIPTOMIC	Mus musculus	ILLUMINA	2016-02-16T00:00:00Z	GSM1605741	male	striatum	SRP053398	C57BL/6	striatum	2015-02-09T21:39:00Z	1
SRR1795045	2 month	RNA-Seq	102	4713942444	PRJNA274985	SAMN03334056	3144199406	GEO	public	fastq,run.zq,sra	gs,ncbi,s3	gs.US,ncbi.public,s3.us-east-1	SRX870415	Het (Q140) Knock-In	GSM1605742	housed with Het (Q140) mice	Illumina HiSeq 2000	PAIRED	cDNA	TRANSCRIPTOMIC	Mus musculus	ILLUMINA	2016-02-16T00:00:00Z	GSM1605742	female	striatum	SRP053398	C57BL/6	striatum	2015-02-09T21:36:00Z	1
SRR1795046	2 month	RNA-Seq	102	3853058670	PRJNA274985	SAMN03334566	2569164319	GEO	public	fastq,run.zq,sra	gs,ncbi,s3	gs.US,ncbi.public,s3.us-east-1	SRX870416	Het (Q140) Knock-In	GSM1605743	housed with Het (Q140) mice	Illumina HiSeq 2000	PAIRED	cDNA	TRANSCRIPTOMIC	Mus musculus	ILLUMINA	2016-02-16T00:00:00Z	GSM1605743	female	striatum	SRP053398	C57BL/6	striatum	2015-02-09T21:36:00Z	1
SRR1795047	2 month	RNA-Seq	102	4581648342	PRJNA274985	SAMN03334641	3030899573	GEO	public	fastq,run.zq,sra	gs,ncbi,s3	gs.US,ncbi.public,s3.us-east-1	SRX870417	Het (Q140) Knock-In	GSM1605744	housed with Het (Q140) mice	Illumina HiSeq 2000	PAIRED	cDNA	TRANSCRIPTOMIC	Mus musculus	ILLUMINA	2016-02-16T00:00:00Z	GSM1605744	female	striatum	SRP053398	C57BL/6	striatum	2015-02-09T21:36:00Z	1
SRR1795048	2 month	RNA-Seq	102	4858973184	PRJNA274985	SAMN03334481	3145977356	GEO	public	fastq,run.zq,sra	gs,ncbi,s3	gs.US,ncbi.public,s3.us-east-1	SRX870418	Het (Q140) Knock-In	GSM1605745	housed with Het (Q140) mice	Illumina HiSeq 2000	PAIRED	cDNA	TRANSCRIPTOMIC	Mus musculus	ILLUMINA	2016-02-16T00:00:00Z	GSM1605745	female	striatum	SRP053398	C57BL/6	striatum	2015-02-09T21:36:00Z	1
SRR1795049	2 month	RNA-Seq	102	4149694152	PRJNA274985	SAMN03334208	2757735581	GEO	public	fastq,run.zq,sra	gs,ncbi,s3	gs.US,ncbi.public,s3.us-east-1	SRX870419	Het (Q140) Knock-In	GSM1605746	housed with Het (Q140) mice	Illumina HiSeq 2000	PAIRED	cDNA	TRANSCRIPTOMIC	Mus musculus	ILLUMINA	2016-02-16T00:00:00Z	GSM1605746	male	striatum	SRP053398	C57BL/6	striatum	2015-02-09T21:35:00Z	1
SRR1795050	2 month	RNA-Seq	102	5270900796	PRJNA274985	SAMN03334764	3513075891	GEO	public	fastq,run.zq,sra	gs,ncbi,s3	gs.US,ncbi.public,s3.us-east-1	SRX870420	Het (Q140) Knock-In	GSM1605747	housed with Het (Q140) mice	Illumina HiSeq 2000	PAIRED	cDNA	TRANSCRIPTOMIC	Mus musculus	ILLUMINA	2016-02-16T00:00:00Z	GSM1605747	male	striatum	SRP053398	C57BL/6	striatum	2015-02-09T21:37:00Z	1
SRR1795051	2 month	RNA-Seq	102	4034239740	PRJNA274985	SAMN03333949	2679881856	GEO	public	fastq,run.zq,sra	gs,ncbi,s3	gs.US,ncbi.public,s3.us-east-1	SRX870421	Het (Q140) Knock-In	GSM1605748	housed with Het (Q140) mice	Illumina HiSeq 2000	PAIRED	cDNA	TRANSCRIPTOMIC	Mus musculus	ILLUMINA	2016-02-16T00:00:00Z	GSM1605748	male	striatum	SRP053398	C57BL/6	striatum	2015-02-09T21:35:00Z	1
SRR1795052	2 month	RNA-Seq	102	3871711716	PRJNA274985	SAMN03334398	2451111730	GEO	public	fastq,run.zq,sra	gs,ncbi,s3	gs.US,ncbi.public,s3.us-east-1	SRX870422	Het (Q140) Knock-In	GSM1605749	housed with Het (Q140) mice	Illumina HiSeq 2000	PAIRED	cDNA	TRANSCRIPTOMIC	Mus musculus	ILLUMINA	2016-02-16T00:00:00Z	GSM1605749	male	striatum	SRP053398	C57BL/6	striatum	2015-02-09T21:41:00Z	1
SRR1795053	6 month	RNA-Seq	100	5090316200	PRJNA274985	SAMN03334101	3269507358	GEO	public	fastq,run.zq,sra	gs,ncbi,s3	gs.US,ncbi.public,s3.us-east-1	SRX870423	Het (Q140) Knock-In	GSM1605750	housed with Het (Q140) mice	Illumina HiSeq 2000	PAIRED	cDNA	TRANSCRIPTOMIC	Mus musculus	ILLUMINA	2016-02-16T00:00:00Z	GSM1605750	female	striatum	SRP053398	C57BL/6	striatum	2015-02-09T21:39:00Z	1
SRR1795054	6 month	RNA-Seq	100	4890927900	PRJNA274985	SAMN03334593	3160885074	GEO	public	fastq,run.zq,sra	gs,ncbi,s3	gs.US,ncbi.public,s3.us-east-1	SRX870424	Het (Q140) Knock-In	GSM1605751	housed with Het (Q140) mice	Illumina HiSeq 2000	PAIRED	cDNA	TRANSCRIPTOMIC	Mus musculus	ILLUMINA	2016-02-16T00:00:00Z	GSM1605751	female	striatum	SRP053398	C57BL/6	striatum	2015-02-09T21:37:00Z	1
SRR1795055	6 month	RNA-Seq	100	5730234200	PRJNA274985	SAMN03334784	3641910631	GEO	public	fastq,run.zq,sra	gs,ncbi,s3	gs.US,ncbi.public,s3.us-east-1	SRX870425	Het (Q140) Knock-In	GSM1605752	housed with Het (Q140) mice	Illumina HiSeq 2000	PAIRED	cDNA	TRANSCRIPTOMIC	Mus musculus	ILLUMINA	2016-02-16T00:00:00Z	GSM1605752	female	striatum	SRP053398	C57BL/6	striatum	2015-02-09T21:41:00Z	1
SRR1795056	6 month	RNA-Seq	100	5138483900	PRJNA274985	SAMN03334251	3301967246	GEO	public	fastq,run.zq,sra	gs,ncbi,s3	gs.US,ncbi.public,s3.us-east-1	SRX870426	Het (Q140) Knock-In	GSM1605753	housed with Het (Q140) mice	Illumina HiSeq 2000	PAIRED	cDNA	TRANSCRIPTOMIC	Mus musculus	ILLUMINA	2016-02-16T00:00:00Z	GSM1605753	female	striatum	SRP053398	C57BL/6	striatum	2015-02-09T21:39:00Z	1
SRR1795057	6 month	RNA-Seq	100	4766424500	PRJNA274985	SAMN03334771	3076878184	GEO	public	fastq,run.zq,sra	gs,ncbi,s3	gs.US,ncbi.public,s3.us-east-1	SRX870427	Het (Q140) Knock-In	GSM1605754	housed with Het (Q140) mice	Illumina HiSeq 2000	PAIRED	cDNA	TRANSCRIPTOMIC	Mus musculus	ILLUMINA	2016-02-16T00:00:00Z	GSM1605754	male	striatum	SRP053398	C57BL/6	striatum	2015-02-09T21:37:00Z	1
SRR1795058	6 month	RNA-Seq	100	4876081800	PRJNA274985	SAMN03334617	3134952916	GEO	public	fastq,run.zq,sra	gs,ncbi,s3	gs.US,ncbi.public,s3.us-east-1	SRX870428	Het (Q140) Knock-In	GSM1605755	housed with Het (Q140) mice	Illumina HiSeq 2000	PAIRED	cDNA	TRANSCRIPTOMIC	Mus musculus	ILLUMINA	2016-02-16T00:00:00Z	GSM1605755	male	striatum	SRP053398	C57BL/6	striatum	2015-02-09T21:39:00Z	1
SRR1795059	6 month	RNA-Seq	100	5233133600	PRJNA274985	SAMN03334699	3337360657	GEO	public	fastq,run.zq,sra	gs,ncbi,s3	gs.US,ncbi.public,s3.us-east-1	SRX870429	Het (Q140) Knock-In	GSM1605756	housed with Het (Q140) mice	Illumina HiSeq 2000	PAIRED	cDNA	TRANSCRIPTOMIC	Mus musculus	ILLUMINA	2016-02-16T00:00:00Z	GSM1605756	male	striatum	SRP053398	C57BL/6	striatum	2015-02-09T21:38:00Z	1
SRR1795060	6 month	RNA-Seq	100	5091925400	PRJNA274985	SAMN03334401	3275626404	GEO	public	fastq,run.zq,sra	gs,ncbi,s3	gs.US,ncbi.public,s3.us-east-1	SRX870430	Het (Q140) Knock-In	GSM1605757	housed with Het (Q140) mice	Illumina HiSeq 2000	PAIRED	cDNA	TRANSCRIPTOMIC	Mus musculus	ILLUMINA	2016-02-16T00:00:00Z	GSM1605757	male	striatum	SRP053398	C57BL/6	striatum	2015-02-09T21:38:00Z	1
SRR1795061	10 month	RNA-Seq	102	4056529596	PRJNA274985	SAMN03334246	2782830595	GEO	public	fastq,run.zq,sra	gs,ncbi,s3	gs.US,ncbi.public,s3.us-east-1	SRX870431	Het (Q140) Knock-In	GSM1605758	housed with Het (Q140) mice	Illumina HiSeq 2000	PAIRED	cDNA	TRANSCRIPTOMIC	Mus musculus	ILLUMINA	2016-02-16T00:00:00Z	GSM1605758	female	striatum	SRP053398	C57BL/6	striatum	2015-02-09T21:35:00Z	1
SRR1795062	10 month	RNA-Seq	102	3984192522	PRJNA274985	SAMN03334044	2749874538	GEO	public	fastq,run.zq,sra	gs,ncbi,s3	gs.US,ncbi.public,s3.us-east-1	SRX870432	Het (Q140) Knock-In	GSM1605759	housed with Het (Q140) mice	Illumina HiSeq 2000	PAIRED	cDNA	TRANSCRIPTOMIC	Mus musculus	ILLUMINA	2016-02-16T00:00:00Z	GSM1605759	female	striatum	SRP053398	C57BL/6	striatum	2015-02-09T21:35:00Z	1
SRR1795063	10 month	RNA-Seq	102	4141892682	PRJNA274985	SAMN03334588	2832775158	GEO	public	fastq,run.zq,sra	gs,ncbi,s3	gs.US,ncbi.public,s3.us-east-1	SRX870433	Het (Q140) Knock-In	GSM1605760	housed with Het (Q140) mice	Illumina HiSeq 2000	PAIRED	cDNA	TRANSCRIPTOMIC	Mus musculus	ILLUMINA	2016-02-16T00:00:00Z	GSM1605760	female	striatum	SRP053398	C57BL/6	striatum	2015-02-09T21:41:00Z	1
SRR1795064	10 month	RNA-Seq	102	4038850140	PRJNA274985	SAMN03334716	2763873005	GEO	public	fastq,run.zq,sra	gs,ncbi,s3	gs.US,ncbi.public,s3.us-east-1	SRX870434	Het (Q140) Knock-In	GSM1605761	housed with Het (Q140) mice	Illumina HiSeq 2000	PAIRED	cDNA	TRANSCRIPTOMIC	Mus musculus	ILLUMINA	2016-02-16T00:00:00Z	GSM1605761	female	striatum	SRP053398	C57BL/6	striatum	2015-02-09T21:32:00Z	1
SRR1795065	10 month	RNA-Seq	102	4497757524	PRJNA274985	SAMN03334238	3095535378	GEO	public	fastq,run.zq,sra	gs,ncbi,s3	gs.US,ncbi.public,s3.us-east-1	SRX870435	Het (Q140) Knock-In	GSM1605762	housed with Het (Q140) mice	Illumina HiSeq 2000	PAIRED	cDNA	TRANSCRIPTOMIC	Mus musculus	ILLUMINA	2016-02-16T00:00:00Z	GSM1605762	male	striatum	SRP053398	C57BL/6	striatum	2015-02-09T21:33:00Z	1
SRR1795066	10 month	RNA-Seq	102	4416548592	PRJNA274985	SAMN03334752	3117419151	GEO	public	fastq,run.zq,sra	gs,ncbi,s3	gs.US,ncbi.public,s3.us-east-1	SRX870436	Het (Q140) Knock-In	GSM1605763	housed with Het (Q140) mice	Illumina HiSeq 2000	PAIRED	cDNA	TRANSCRIPTOMIC	Mus musculus	ILLUMINA	2016-02-16T00:00:00Z	GSM1605763	male	striatum	SRP053398	C57BL/6	striatum	2015-02-09T21:33:00Z	1
SRR1795067	10 month	RNA-Seq	102	4261436580	PRJNA274985	SAMN03334432	2917062717	GEO	public	fastq,run.zq,sra	gs,ncbi,s3	gs.US,ncbi.public,s3.us-east-1	SRX870437	Het (Q140) Knock-In	GSM1605764	housed with Het (Q140) mice	Illumina HiSeq 2000	PAIRED	cDNA	TRANSCRIPTOMIC	Mus musculus	ILLUMINA	2016-02-16T00:00:00Z	GSM1605764	male	striatum	SRP053398	C57BL/6	striatum	2015-02-09T21:35:00Z	1
SRR1795068	10 month	RNA-Seq	102	4263904776	PRJNA274985	SAMN03334012	2915567650	GEO	public	fastq,run.zq,sra	gs,ncbi,s3	gs.US,ncbi.public,s3.us-east-1	SRX870438	Het (Q140) Knock-In	GSM1605765	housed with Het (Q140) mice	Illumina HiSeq 2000	PAIRED	cDNA	TRANSCRIPTOMIC	Mus musculus	ILLUMINA	2016-02-16T00:00:00Z	GSM1605765	male	striatum	SRP053398	C57BL/6	striatum	2015-02-09T21:33:00Z	1
SRR1795069	2 month	RNA-Seq	102	4538691348	PRJNA274985	SAMN03333882	3104598403	GEO	public	fastq,run.zq,sra	gs,ncbi,s3	gs.US,ncbi.public,s3.us-east-1	SRX870439	Het (Q175) Knock-In	GSM1605766	housed with Het (Q175) mice	Illumina HiSeq 2000	PAIRED	cDNA	TRANSCRIPTOMIC	Mus musculus	ILLUMINA	2016-02-16T00:00:00Z	GSM1605766	female	striatum	SRP053398	C57BL/6	striatum	2015-02-09T21:35:00Z	1
SRR1795070	2 month	RNA-Seq	102	5277663600	PRJNA274985	SAMN03334160	3524530718	GEO	public	fastq,run.zq,sra	gs,ncbi,s3	gs.US,ncbi.public,s3.us-east-1	SRX870440	Het (Q175) Knock-In	GSM1605767	housed with Het (Q175) mice	Illumina HiSeq 2000	PAIRED	cDNA	TRANSCRIPTOMIC	Mus musculus	ILLUMINA	2016-02-16T00:00:00Z	GSM1605767	female	striatum	SRP053398	C57BL/6	striatum	2015-02-09T21:34:00Z	1
SRR1795071	2 month	RNA-Seq	102	4505017578	PRJNA274985	SAMN03334071	2991450133	GEO	public	fastq,run.zq,sra	gs,ncbi,s3	gs.US,ncbi.public,s3.us-east-1	SRX870441	Het (Q175) Knock-In	GSM1605768	housed with Het (Q175) mice	Illumina HiSeq 2000	PAIRED	cDNA	TRANSCRIPTOMIC	Mus musculus	ILLUMINA	2016-02-16T00:00:00Z	GSM1605768	female	striatum	SRP053398	C57BL/6	striatum	2015-02-09T21:33:00Z	1
SRR1795072	2 month	RNA-Seq	102	4881216630	PRJNA274985	SAMN03334762	3281853233	GEO	public	fastq,run.zq,sra	gs,ncbi,s3	gs.US,ncbi.public,s3.us-east-1	SRX870442	Het (Q175) Knock-In	GSM1605769	housed with Het (Q175) mice	Illumina HiSeq 2000	PAIRED	cDNA	TRANSCRIPTOMIC	Mus musculus	ILLUMINA	2016-02-16T00:00:00Z	GSM1605769	female	striatum	SRP053398	C57BL/6	striatum	2015-02-09T21:35:00Z	1
SRR1795073	2 month	RNA-Seq	102	4127732532	PRJNA274985	SAMN03334691	2713126903	GEO	public	fastq,run.zq,sra	gs,ncbi,s3	gs.US,ncbi.public,s3.us-east-1	SRX870443	Het (Q175) Knock-In	GSM1605770	housed with Het (Q175) mice	Illumina HiSeq 2000	PAIRED	cDNA	TRANSCRIPTOMIC	Mus musculus	ILLUMINA	2016-02-16T00:00:00Z	GSM1605770	male	striatum	SRP053398	C57BL/6	striatum	2015-02-09T21:36:00Z	1
SRR1795074	2 month	RNA-Seq	102	4028885862	PRJNA274985	SAMN03334258	2668182339	GEO	public	fastq,run.zq,sra	gs,ncbi,s3	gs.US,ncbi.public,s3.us-east-1	SRX870444	Het (Q175) Knock-In	GSM1605771	housed with Het (Q175) mice	Illumina HiSeq 2000	PAIRED	cDNA	TRANSCRIPTOMIC	Mus musculus	ILLUMINA	2016-02-16T00:00:00Z	GSM1605771	male	striatum	SRP053398	C57BL/6	striatum	2015-02-09T21:31:00Z	1
SRR1795075	2 month	RNA-Seq	102	3977681454	PRJNA274985	SAMN03334544	2632915497	GEO	public	fastq,run.zq,sra	gs,ncbi,s3	gs.US,ncbi.public,s3.us-east-1	SRX870445	Het (Q175) Knock-In	GSM1605772	housed with Het (Q175) mice	Illumina HiSeq 2000	PAIRED	cDNA	TRANSCRIPTOMIC	Mus musculus	ILLUMINA	2016-02-16T00:00:00Z	GSM1605772	male	striatum	SRP053398	C57BL/6	striatum	2015-02-09T21:34:00Z	1
SRR1795076	2 month	RNA-Seq	102	4509398886	PRJNA274985	SAMN03334017	2996756300	GEO	public	fastq,run.zq,sra	gs,ncbi,s3	gs.US,ncbi.public,s3.us-east-1	SRX870446	Het (Q175) Knock-In	GSM1605773	housed with Het (Q175) mice	Illumina HiSeq 2000	PAIRED	cDNA	TRANSCRIPTOMIC	Mus musculus	ILLUMINA	2016-02-16T00:00:00Z	GSM1605773	male	striatum	SRP053398	C57BL/6	striatum	2015-02-09T21:32:00Z	1
SRR1795077	6 month	RNA-Seq	100	5593025300	PRJNA274985	SAMN03334793	3704441458	GEO	public	fastq,run.zq,sra	gs,ncbi,s3	gs.US,ncbi.public,s3.us-east-1	SRX870447	Het (Q175) Knock-In	GSM1605774	housed with Het (Q175) mice	Illumina HiSeq 2000	PAIRED	cDNA	TRANSCRIPTOMIC	Mus musculus	ILLUMINA	2016-02-16T00:00:00Z	GSM1605774	female	striatum	SRP053398	C57BL/6	striatum	2015-02-09T21:35:00Z	1
SRR1795078	6 month	RNA-Seq	100	5694744800	PRJNA274985	SAMN03334342	3746457461	GEO	public	fastq,run.zq,sra	gs,ncbi,s3	gs.US,ncbi.public,s3.us-east-1	SRX870448	Het (Q175) Knock-In	GSM1605775	housed with Het (Q175) mice	Illumina HiSeq 2000	PAIRED	cDNA	TRANSCRIPTOMIC	Mus musculus	ILLUMINA	2016-02-16T00:00:00Z	GSM1605775	female	striatum	SRP053398	C57BL/6	striatum	2015-02-09T21:34:00Z	1
SRR1795079	6 month	RNA-Seq	100	5869755900	PRJNA274985	SAMN03334598	3877641374	GEO	public	fastq,run.zq,sra	gs,ncbi,s3	gs.US,ncbi.public,s3.us-east-1	SRX870449	Het (Q175) Knock-In	GSM1605776	housed with Het (Q175) mice	Illumina HiSeq 2000	PAIRED	cDNA	TRANSCRIPTOMIC	Mus musculus	ILLUMINA	2016-02-16T00:00:00Z	GSM1605776	female	striatum	SRP053398	C57BL/6	striatum	2015-02-09T21:35:00Z	1
SRR1795080	6 month	RNA-Seq	100	5467202100	PRJNA274985	SAMN03334193	3611071437	GEO	public	fastq,run.zq,sra	gs,ncbi,s3	gs.US,ncbi.public,s3.us-east-1	SRX870450	Het (Q175) Knock-In	GSM1605777	housed with Het (Q175) mice	Illumina HiSeq 2000	PAIRED	cDNA	TRANSCRIPTOMIC	Mus musculus	ILLUMINA	2016-02-16T00:00:00Z	GSM1605777	female	striatum	SRP053398	C57BL/6	striatum	2015-02-09T21:40:00Z	1
SRR1795081	6 month	RNA-Seq	100	5520110500	PRJNA274985	SAMN03334364	3619177148	GEO	public	fastq,run.zq,sra	gs,ncbi,s3	gs.US,ncbi.public,s3.us-east-1	SRX870451	Het (Q175) Knock-In	GSM1605778	housed with Het (Q175) mice	Illumina HiSeq 2000	PAIRED	cDNA	TRANSCRIPTOMIC	Mus musculus	ILLUMINA	2016-02-16T00:00:00Z	GSM1605778	male	striatum	SRP053398	C57BL/6	striatum	2015-02-09T21:40:00Z	1
SRR1795082	6 month	RNA-Seq	100	5984212400	PRJNA274985	SAMN03334393	3966741955	GEO	public	fastq,run.zq,sra	gs,ncbi,s3	gs.US,ncbi.public,s3.us-east-1	SRX870452	Het (Q175) Knock-In	GSM1605779	housed with Het (Q175) mice	Illumina HiSeq 2000	PAIRED	cDNA	TRANSCRIPTOMIC	Mus musculus	ILLUMINA	2016-02-16T00:00:00Z	GSM1605779	male	striatum	SRP053398	C57BL/6	striatum	2015-02-09T21:35:00Z	1
SRR1795083	6 month	RNA-Seq	100	6306842100	PRJNA274985	SAMN03334609	4137967801	GEO	public	fastq,run.zq,sra	gs,ncbi,s3	gs.US,ncbi.public,s3.us-east-1	SRX870453	Het (Q175) Knock-In	GSM1605780	housed with Het (Q175) mice	Illumina HiSeq 2000	PAIRED	cDNA	TRANSCRIPTOMIC	Mus musculus	ILLUMINA	2016-02-16T00:00:00Z	GSM1605780	male	striatum	SRP053398	C57BL/6	striatum	2015-02-09T21:33:00Z	1
SRR1795084	6 month	RNA-Seq	100	5445373800	PRJNA274985	SAMN03333808	3620909468	GEO	public	fastq,run.zq,sra	gs,ncbi,s3	gs.US,ncbi.public,s3.us-east-1	SRX870454	Het (Q175) Knock-In	GSM1605781	housed with Het (Q175) mice	Illumina HiSeq 2000	PAIRED	cDNA	TRANSCRIPTOMIC	Mus musculus	ILLUMINA	2016-02-16T00:00:00Z	GSM1605781	male	striatum	SRP053398	C57BL/6	striatum	2015-02-09T21:37:00Z	1
SRR1795085	10 month	RNA-Seq	102	4453895280	PRJNA274985	SAMN03334749	3074160499	GEO	public	fastq,run.zq,sra	gs,ncbi,s3	gs.US,ncbi.public,s3.us-east-1	SRX870455	Het (Q175) Knock-In	GSM1605782	housed with Het (Q175) mice	Illumina HiSeq 2000	PAIRED	cDNA	TRANSCRIPTOMIC	Mus musculus	ILLUMINA	2016-02-16T00:00:00Z	GSM1605782	female	striatum	SRP053398	C57BL/6	striatum	2015-02-09T21:29:00Z	1
SRR1795086	10 month	RNA-Seq	102	3891637518	PRJNA274985	SAMN03334117	2654700827	GEO	public	fastq,run.zq,sra	gs,ncbi,s3	gs.US,ncbi.public,s3.us-east-1	SRX870456	Het (Q175) Knock-In	GSM1605783	housed with Het (Q175) mice	Illumina HiSeq 2000	PAIRED	cDNA	TRANSCRIPTOMIC	Mus musculus	ILLUMINA	2016-02-16T00:00:00Z	GSM1605783	female	striatum	SRP053398	C57BL/6	striatum	2015-02-09T21:29:00Z	1
SRR1795087	10 month	RNA-Seq	102	4593192498	PRJNA274985	SAMN03334740	3237254667	GEO	public	fastq,run.zq,sra	gs,ncbi,s3	gs.US,ncbi.public,s3.us-east-1	SRX870457	Het (Q175) Knock-In	GSM1605784	housed with Het (Q175) mice	Illumina HiSeq 2000	PAIRED	cDNA	TRANSCRIPTOMIC	Mus musculus	ILLUMINA	2016-02-16T00:00:00Z	GSM1605784	female	striatum	SRP053398	C57BL/6	striatum	2015-02-09T21:30:00Z	1
SRR1795088	10 month	RNA-Seq	102	4010991798	PRJNA274985	SAMN03334036	2741286080	GEO	public	fastq,run.zq,sra	gs,ncbi,s3	gs.US,ncbi.public,s3.us-east-1	SRX870458	Het (Q175) Knock-In	GSM1605785	housed with Het (Q175) mice	Illumina HiSeq 2000	PAIRED	cDNA	TRANSCRIPTOMIC	Mus musculus	ILLUMINA	2016-02-16T00:00:00Z	GSM1605785	female	striatum	SRP053398	C57BL/6	striatum	2015-02-09T21:30:00Z	1
SRR1795089	10 month	RNA-Seq	102	5008885644	PRJNA274985	SAMN03333922	3453477182	GEO	public	fastq,run.zq,sra	gs,ncbi,s3	gs.US,ncbi.public,s3.us-east-1	SRX870459	Het (Q175) Knock-In	GSM1605786	housed with Het (Q175) mice	Illumina HiSeq 2000	PAIRED	cDNA	TRANSCRIPTOMIC	Mus musculus	ILLUMINA	2016-02-16T00:00:00Z	GSM1605786	male	striatum	SRP053398	C57BL/6	striatum	2015-02-09T21:31:00Z	1
SRR1795090	10 month	RNA-Seq	102	4376833668	PRJNA274985	SAMN03334535	2967252293	GEO	public	fastq,run.zq,sra	gs,ncbi,s3	gs.US,ncbi.public,s3.us-east-1	SRX870460	Het (Q175) Knock-In	GSM1605787	housed with Het (Q175) mice	Illumina HiSeq 2000	PAIRED	cDNA	TRANSCRIPTOMIC	Mus musculus	ILLUMINA	2016-02-16T00:00:00Z	GSM1605787	male	striatum	SRP053398	C57BL/6	striatum	2015-02-09T21:30:00Z	1
SRR1795091	10 month	RNA-Seq	102	4410002538	PRJNA274985	SAMN03334326	3035007150	GEO	public	fastq,run.zq,sra	gs,ncbi,s3	gs.US,ncbi.public,s3.us-east-1	SRX870461	Het (Q175) Knock-In	GSM1605788	housed with Het (Q175) mice	Illumina HiSeq 2000	PAIRED	cDNA	TRANSCRIPTOMIC	Mus musculus	ILLUMINA	2016-02-16T00:00:00Z	GSM1605788	male	striatum	SRP053398	C57BL/6	striatum	2015-02-09T21:28:00Z	1
SRR1795092	10 month	RNA-Seq	102	4106423406	PRJNA274985	SAMN03334757	2812165652	GEO	public	fastq,run.zq,sra	gs,ncbi,s3	gs.US,ncbi.public,s3.us-east-1	SRX870462	Het (Q175) Knock-In	GSM1605789	housed with Het (Q175) mice	Illumina HiSeq 2000	PAIRED	cDNA	TRANSCRIPTOMIC	Mus musculus	ILLUMINA	2016-02-16T00:00:00Z	GSM1605789	male	striatum	SRP053398	C57BL/6	striatum	2015-02-09T21:29:00Z	1
SRR1795093	2 month	RNA-Seq	102	4264513614	PRJNA274985	SAMN03334798	2706139234	GEO	public	fastq,run.zq,sra	gs,ncbi,s3	gs.US,ncbi.public,s3.us-east-1	SRX870463	Het (Q20) Knock-In	GSM1605790	housed with Het (Q20) mice	Illumina HiSeq 2000	PAIRED	cDNA	TRANSCRIPTOMIC	Mus musculus	ILLUMINA	2016-02-16T00:00:00Z	GSM1605790	female	striatum	SRP053398	C57BL/6	striatum	2015-02-09T21:27:00Z	1
SRR1795094	2 month	RNA-Seq	102	5535453708	PRJNA274985	SAMN03334262	3636256440	GEO	public	fastq,run.zq	gs,ncbi,s3	gs.US,ncbi.public,s3.us-east-1	SRX870464	Het (Q20) Knock-In	GSM1605791	housed with Het (Q20) mice	Illumina HiSeq 2000	PAIRED	cDNA	TRANSCRIPTOMIC	Mus musculus	ILLUMINA	2016-02-16T00:00:00Z	GSM1605791	female	striatum	SRP053398	C57BL/6	striatum		
SRR1795095	2 month	RNA-Seq	102	4169816610	PRJNA274985	SAMN03334095	2777900971	GEO	public	fastq,run.zq,sra	gs,ncbi,s3	gs.US,ncbi.public,s3.us-east-1	SRX870465	Het (Q20) Knock-In	GSM1605792	housed with Het (Q20) mice	Illumina HiSeq 2000	PAIRED	cDNA	TRANSCRIPTOMIC	Mus musculus	ILLUMINA	2016-02-16T00:00:00Z	GSM1605792	female	striatum	SRP053398	C57BL/6	striatum	2015-02-09T21:28:00Z	1
SRR1795096	2 month	RNA-Seq	102	3875049462	PRJNA274985	SAMN03334633	2579152584	GEO	public	fastq,run.zq,sra	gs,ncbi,s3	gs.US,ncbi.public,s3.us-east-1	SRX870466	Het (Q20) Knock-In	GSM1605793	housed with Het (Q20) mice	Illumina HiSeq 2000	PAIRED	cDNA	TRANSCRIPTOMIC	Mus musculus	ILLUMINA	2016-02-16T00:00:00Z	GSM1605793	female	striatum	SRP053398	C57BL/6	striatum	2015-02-09T21:35:00Z	1
SRR1795097	2 month	RNA-Seq	102	3844859298	PRJNA274985	SAMN03334286	2540096115	GEO	public	fastq,run.zq,sra	gs,ncbi,s3	gs.US,ncbi.public,s3.us-east-1	SRX870467	Het (Q20) Knock-In	GSM1605794	housed with Het (Q20) mice	Illumina HiSeq 2000	PAIRED	cDNA	TRANSCRIPTOMIC	Mus musculus	ILLUMINA	2016-02-16T00:00:00Z	GSM1605794	male	striatum	SRP053398	C57BL/6	striatum	2015-02-09T21:28:00Z	1
SRR1795098	2 month	RNA-Seq	102	4935956868	PRJNA274985	SAMN03334360	3185178863	GEO	public	fastq,run.zq,sra	gs,ncbi,s3	gs.US,ncbi.public,s3.us-east-1	SRX870468	Het (Q20) Knock-In	GSM1605795	housed with Het (Q20) mice	Illumina HiSeq 2000	PAIRED	cDNA	TRANSCRIPTOMIC	Mus musculus	ILLUMINA	2016-02-16T00:00:00Z	GSM1605795	male	striatum	SRP053398	C57BL/6	striatum	2015-02-09T21:29:00Z	1
SRR1795099	2 month	RNA-Seq	102	4441040526	PRJNA274985	SAMN03333877	2855249773	GEO	public	fastq,run.zq,sra	gs,ncbi,s3	gs.US,ncbi.public,s3.us-east-1	SRX870469	Het (Q20) Knock-In	GSM1605796	housed with Het (Q20) mice	Illumina HiSeq 2000	PAIRED	cDNA	TRANSCRIPTOMIC	Mus musculus	ILLUMINA	2016-02-16T00:00:00Z	GSM1605796	male	striatum	SRP053398	C57BL/6	striatum	2015-02-09T21:31:00Z	1
SRR1795100	2 month	RNA-Seq	102	4228433154	PRJNA274985	SAMN03333815	2873737662	GEO	public	fastq,run.zq,sra	gs,ncbi,s3	gs.US,ncbi.public,s3.us-east-1	SRX870470	Het (Q20) Knock-In	GSM1605797	housed with Het (Q20) mice	Illumina HiSeq 2000	PAIRED	cDNA	TRANSCRIPTOMIC	Mus musculus	ILLUMINA	2016-02-16T00:00:00Z	GSM1605797	male	striatum	SRP053398	C57BL/6	striatum	2015-02-09T21:28:00Z	1
SRR1795101	6 month	RNA-Seq	99	5609992531	PRJNA274985	SAMN03334054	3631518994	GEO	public	fastq,run.zq,sra	gs,ncbi,s3	gs.US,ncbi.public,s3.us-east-1	SRX870471	Het (Q20) Knock-In	GSM1605798	housed with Het (Q20) mice	Illumina HiSeq 2000	PAIRED	cDNA	TRANSCRIPTOMIC	Mus musculus	ILLUMINA	2016-02-16T00:00:00Z	GSM1605798	female	striatum	SRP053398	C57BL/6	striatum	2015-02-09T21:41:00Z	1
SRR1795102	6 month	RNA-Seq	99	5462988647	PRJNA274985	SAMN03334214	3582111922	GEO	public	fastq,run.zq,sra	gs,ncbi,s3	gs.US,ncbi.public,s3.us-east-1	SRX870472	Het (Q20) Knock-In	GSM1605799	housed with Het (Q20) mice	Illumina HiSeq 2000	PAIRED	cDNA	TRANSCRIPTOMIC	Mus musculus	ILLUMINA	2016-02-16T00:00:00Z	GSM1605799	female	striatum	SRP053398	C57BL/6	striatum	2015-02-09T21:46:00Z	1
SRR1795103	6 month	RNA-Seq	100	5619003600	PRJNA274985	SAMN03334387	3774010208	GEO	public	fastq,run.zq,sra	gs,ncbi,s3	gs.US,ncbi.public,s3.us-east-1	SRX870473	Het (Q20) Knock-In	GSM1605800	housed with Het (Q20) mice	Illumina HiSeq 2000	PAIRED	cDNA	TRANSCRIPTOMIC	Mus musculus	ILLUMINA	2016-02-16T00:00:00Z	GSM1605800	female	striatum	SRP053398	C57BL/6	striatum	2015-02-09T21:28:00Z	1
SRR1795104	6 month	RNA-Seq	100	5658148200	PRJNA274985	SAMN03334415	3735249025	GEO	public	fastq,run.zq,sra	gs,ncbi,s3	gs.US,ncbi.public,s3.us-east-1	SRX870474	Het (Q20) Knock-In	GSM1605801	housed with Het (Q20) mice	Illumina HiSeq 2000	PAIRED	cDNA	TRANSCRIPTOMIC	Mus musculus	ILLUMINA	2016-02-16T00:00:00Z	GSM1605801	female	striatum	SRP053398	C57BL/6	striatum	2015-02-09T21:25:00Z	1
SRR1795105	6 month	RNA-Seq	100	5137551400	PRJNA274985	SAMN03334356	3384019619	GEO	public	fastq,run.zq,sra	gs,ncbi,s3	gs.US,ncbi.public,s3.us-east-1	SRX870475	Het (Q20) Knock-In	GSM1605802	housed with Het (Q20) mice	Illumina HiSeq 2000	PAIRED	cDNA	TRANSCRIPTOMIC	Mus musculus	ILLUMINA	2016-02-16T00:00:00Z	GSM1605802	male	striatum	SRP053398	C57BL/6	striatum	2015-02-09T21:26:00Z	1
SRR1795106	6 month	RNA-Seq	99	5462162020	PRJNA274985	SAMN03334006	3582159714	GEO	public	fastq,run.zq,sra	gs,ncbi,s3	gs.US,ncbi.public,s3.us-east-1	SRX870476	Het (Q20) Knock-In	GSM1605803	housed with Het (Q20) mice	Illumina HiSeq 2000	PAIRED	cDNA	TRANSCRIPTOMIC	Mus musculus	ILLUMINA	2016-02-16T00:00:00Z	GSM1605803	male	striatum	SRP053398	C57BL/6	striatum	2015-02-09T21:48:00Z	1
SRR1795107	6 month	RNA-Seq	99	5620525372	PRJNA274985	SAMN03333996	3699115419	GEO	public	fastq,run.zq,sra	gs,ncbi,s3	gs.US,ncbi.public,s3.us-east-1	SRX870477	Het (Q20) Knock-In	GSM1605804	housed with Het (Q20) mice	Illumina HiSeq 2000	PAIRED	cDNA	TRANSCRIPTOMIC	Mus musculus	ILLUMINA	2016-02-16T00:00:00Z	GSM1605804	male	striatum	SRP053398	C57BL/6	striatum	2015-02-09T21:40:00Z	1
SRR1795108	6 month	RNA-Seq	99	5482922524	PRJNA274985	SAMN03334582	3569898378	GEO	public	fastq,run.zq,sra	gs,ncbi,s3	gs.US,ncbi.public,s3.us-east-1	SRX870478	Het (Q20) Knock-In	GSM1605805	housed with Het (Q20) mice	Illumina HiSeq 2000	PAIRED	cDNA	TRANSCRIPTOMIC	Mus musculus	ILLUMINA	2016-02-16T00:00:00Z	GSM1605805	male	striatum	SRP053398	C57BL/6	striatum	2015-02-09T21:42:00Z	1
SRR1795109	10 month	RNA-Seq	102	4296262032	PRJNA274985	SAMN03334194	2905348538	GEO	public	fastq,run.zq,sra	gs,ncbi,s3	gs.US,ncbi.public,s3.us-east-1	SRX870479	Het (Q20) Knock-In	GSM1605806	housed with Het (Q20) mice	Illumina HiSeq 2000	PAIRED	cDNA	TRANSCRIPTOMIC	Mus musculus	ILLUMINA	2016-02-16T00:00:00Z	GSM1605806	female	striatum	SRP053398	C57BL/6	striatum	2015-02-09T21:23:00Z	1
SRR1795110	10 month	RNA-Seq	102	4102492020	PRJNA274985	SAMN03334461	2837279263	GEO	public	fastq,run.zq,sra	gs,ncbi,s3	gs.US,ncbi.public,s3.us-east-1	SRX870480	Het (Q20) Knock-In	GSM1605807	housed with Het (Q20) mice	Illumina HiSeq 2000	PAIRED	cDNA	TRANSCRIPTOMIC	Mus musculus	ILLUMINA	2016-02-16T00:00:00Z	GSM1605807	female	striatum	SRP053398	C57BL/6	striatum	2015-02-09T21:22:00Z	1
SRR1795111	10 month	RNA-Seq	102	4639689708	PRJNA274985	SAMN03334525	3156543304	GEO	public	fastq,run.zq,sra	gs,ncbi,s3	gs.US,ncbi.public,s3.us-east-1	SRX870481	Het (Q20) Knock-In	GSM1605808	housed with Het (Q20) mice	Illumina HiSeq 2000	PAIRED	cDNA	TRANSCRIPTOMIC	Mus musculus	ILLUMINA	2016-02-16T00:00:00Z	GSM1605808	female	striatum	SRP053398	C57BL/6	striatum	2015-02-09T21:23:00Z	1
SRR1795112	10 month	RNA-Seq	102	4013929398	PRJNA274985	SAMN03334126	2799330199	GEO	public	fastq,run.zq,sra	gs,ncbi,s3	gs.US,ncbi.public,s3.us-east-1	SRX870482	Het (Q20) Knock-In	GSM1605809	housed with Het (Q20) mice	Illumina HiSeq 2000	PAIRED	cDNA	TRANSCRIPTOMIC	Mus musculus	ILLUMINA	2016-02-16T00:00:00Z	GSM1605809	female	striatum	SRP053398	C57BL/6	striatum	2015-02-09T21:22:00Z	1
SRR1795113	10 month	RNA-Seq	102	4112301462	PRJNA274985	SAMN03334328	2862788655	GEO	public	fastq,run.zq,sra	gs,ncbi,s3	gs.US,ncbi.public,s3.us-east-1	SRX870483	Het (Q20) Knock-In	GSM1605810	housed with Het (Q20) mice	Illumina HiSeq 2000	PAIRED	cDNA	TRANSCRIPTOMIC	Mus musculus	ILLUMINA	2016-02-16T00:00:00Z	GSM1605810	female	striatum	SRP053398	C57BL/6	striatum	2015-02-09T21:22:00Z	1
SRR1795114	10 month	RNA-Seq	102	4021048590	PRJNA274985	SAMN03334386	2785124660	GEO	public	fastq,run.zq,sra	gs,ncbi,s3	gs.US,ncbi.public,s3.us-east-1	SRX870484	Het (Q20) Knock-In	GSM1605811	housed with Het (Q20) mice	Illumina HiSeq 2000	PAIRED	cDNA	TRANSCRIPTOMIC	Mus musculus	ILLUMINA	2016-02-16T00:00:00Z	GSM1605811	male	striatum	SRP053398	C57BL/6	striatum	2015-02-09T21:22:00Z	1
SRR1795115	10 month	RNA-Seq	102	4274490540	PRJNA274985	SAMN03334792	2933182383	GEO	public	fastq,run.zq,sra	gs,ncbi,s3	gs.US,ncbi.public,s3.us-east-1	SRX870485	Het (Q20) Knock-In	GSM1605812	housed with Het (Q20) mice	Illumina HiSeq 2000	PAIRED	cDNA	TRANSCRIPTOMIC	Mus musculus	ILLUMINA	2016-02-16T00:00:00Z	GSM1605812	male	striatum	SRP053398	C57BL/6	striatum	2015-02-09T21:22:00Z	1
SRR1795116	10 month	RNA-Seq	102	4612942146	PRJNA274985	SAMN03334445	3187274971	GEO	public	fastq,run.zq,sra	gs,ncbi,s3	gs.US,ncbi.public,s3.us-east-1	SRX870486	Het (Q20) Knock-In	GSM1605813	housed with Het (Q20) mice	Illumina HiSeq 2000	PAIRED	cDNA	TRANSCRIPTOMIC	Mus musculus	ILLUMINA	2016-02-16T00:00:00Z	GSM1605813	male	striatum	SRP053398	C57BL/6	striatum	2015-02-09T21:23:00Z	1
SRR1795117	2 month	RNA-Seq	102	4107634758	PRJNA274985	SAMN03334466	2585840753	GEO	public	fastq,run.zq,sra	gs,ncbi,s3	gs.US,ncbi.public,s3.us-east-1	SRX870487	Het (Q80) Knock-In	GSM1605814	housed with Het (Q80) mice	Illumina HiSeq 2000	PAIRED	cDNA	TRANSCRIPTOMIC	Mus musculus	ILLUMINA	2016-02-16T00:00:00Z	GSM1605814	female	striatum	SRP053398	C57BL/6	striatum	2015-02-09T21:22:00Z	1
SRR1795118	2 month	RNA-Seq	102	4770476658	PRJNA274985	SAMN03334050	3160812181	GEO	public	fastq,run.zq,sra	gs,ncbi,s3	gs.US,ncbi.public,s3.us-east-1	SRX870488	Het (Q80) Knock-In	GSM1605815	housed with Het (Q80) mice	Illumina HiSeq 2000	PAIRED	cDNA	TRANSCRIPTOMIC	Mus musculus	ILLUMINA	2016-02-16T00:00:00Z	GSM1605815	female	striatum	SRP053398	C57BL/6	striatum	2015-02-09T21:23:00Z	1
SRR1795119	2 month	RNA-Seq	102	4484534652	PRJNA274985	SAMN03333858	2938810214	GEO	public	fastq,run.zq,sra	gs,ncbi,s3	gs.US,ncbi.public,s3.us-east-1	SRX870489	Het (Q80) Knock-In	GSM1605816	housed with Het (Q80) mice	Illumina HiSeq 2000	PAIRED	cDNA	TRANSCRIPTOMIC	Mus musculus	ILLUMINA	2016-02-16T00:00:00Z	GSM1605816	female	striatum	SRP053398	C57BL/6	striatum	2015-02-09T21:23:00Z	1
SRR1795120	2 month	RNA-Seq	102	3890515212	PRJNA274985	SAMN03333809	2596744536	GEO	public	fastq,run.zq,sra	gs,ncbi,s3	gs.US,ncbi.public,s3.us-east-1	SRX870490	Het (Q80) Knock-In	GSM1605817	housed with Het (Q80) mice	Illumina HiSeq 2000	PAIRED	cDNA	TRANSCRIPTOMIC	Mus musculus	ILLUMINA	2016-02-16T00:00:00Z	GSM1605817	male	striatum	SRP053398	C57BL/6	striatum	2015-02-09T21:22:00Z	1
SRR1795121	2 month	RNA-Seq	102	3901820586	PRJNA274985	SAMN03334697	2595568362	GEO	public	fastq,run.zq,sra	gs,ncbi,s3	gs.US,ncbi.public,s3.us-east-1	SRX870491	Het (Q80) Knock-In	GSM1605818	housed with Het (Q80) mice	Illumina HiSeq 2000	PAIRED	cDNA	TRANSCRIPTOMIC	Mus musculus	ILLUMINA	2016-02-16T00:00:00Z	GSM1605818	male	striatum	SRP053398	C57BL/6	striatum	2015-02-09T21:22:00Z	1
SRR1795122	2 month	RNA-Seq	102	4018969014	PRJNA274985	SAMN03334221	2689890503	GEO	public	fastq,run.zq,sra	gs,ncbi,s3	gs.US,ncbi.public,s3.us-east-1	SRX870492	Het (Q80) Knock-In	GSM1605819	housed with Het (Q80) mice	Illumina HiSeq 2000	PAIRED	cDNA	TRANSCRIPTOMIC	Mus musculus	ILLUMINA	2016-02-16T00:00:00Z	GSM1605819	male	striatum	SRP053398	C57BL/6	striatum	2015-02-09T21:23:00Z	1
SRR1795123	2 month	RNA-Seq	102	4134173628	PRJNA274985	SAMN03334670	2768087265	GEO	public	fastq,run.zq,sra	gs,ncbi,s3	gs.US,ncbi.public,s3.us-east-1	SRX870493	Het (Q80) Knock-In	GSM1605820	housed with Het (Q80) mice	Illumina HiSeq 2000	PAIRED	cDNA	TRANSCRIPTOMIC	Mus musculus	ILLUMINA	2016-02-16T00:00:00Z	GSM1605820	male	striatum	SRP053398	C57BL/6	striatum	2015-02-09T21:20:00Z	1
SRR1795124	2 month	RNA-Seq	102	5351682246	PRJNA274985	SAMN03333940	3634567235	GEO	public	fastq,run.zq,sra	gs,ncbi,s3	gs.US,ncbi.public,s3.us-east-1	SRX870494	Het (Q80) Knock-In	GSM1605821	housed with Het (Q80) mice	Illumina HiSeq 2000	PAIRED	cDNA	TRANSCRIPTOMIC	Mus musculus	ILLUMINA	2016-02-16T00:00:00Z	GSM1605821	male	striatum	SRP053398	C57BL/6	striatum	2015-02-09T21:23:00Z	1
SRR1795125	6 month	RNA-Seq	100	4534509600	PRJNA274985	SAMN03334057	2925871564	GEO	public	fastq,run.zq,sra	gs,ncbi,s3	gs.US,ncbi.public,s3.us-east-1	SRX870495	Het (Q80) Knock-In	GSM1605822	housed with Het (Q80) mice	Illumina HiSeq 2000	PAIRED	cDNA	TRANSCRIPTOMIC	Mus musculus	ILLUMINA	2016-02-16T00:00:00Z	GSM1605822	female	striatum	SRP053398	C57BL/6	striatum	2015-02-09T21:24:00Z	1
SRR1795126	6 month	RNA-Seq	100	5295886600	PRJNA274985	SAMN03334237	3392275030	GEO	public	fastq,run.zq,sra	gs,ncbi,s3	gs.US,ncbi.public,s3.us-east-1	SRX870496	Het (Q80) Knock-In	GSM1605823	housed with Het (Q80) mice	Illumina HiSeq 2000	PAIRED	cDNA	TRANSCRIPTOMIC	Mus musculus	ILLUMINA	2016-02-16T00:00:00Z	GSM1605823	female	striatum	SRP053398	C57BL/6	striatum	2015-02-09T21:25:00Z	1
SRR1795127	6 month	RNA-Seq	100	5095932200	PRJNA274985	SAMN03334247	3274873737	GEO	public	fastq,run.zq,sra	gs,ncbi,s3	gs.US,ncbi.public,s3.us-east-1	SRX870497	Het (Q80) Knock-In	GSM1605824	housed with Het (Q80) mice	Illumina HiSeq 2000	PAIRED	cDNA	TRANSCRIPTOMIC	Mus musculus	ILLUMINA	2016-02-16T00:00:00Z	GSM1605824	female	striatum	SRP053398	C57BL/6	striatum	2015-02-09T21:24:00Z	1
SRR1795128	6 month	RNA-Seq	100	4769652300	PRJNA274985	SAMN03333915	3086194654	GEO	public	fastq,run.zq,sra	gs,ncbi,s3	gs.US,ncbi.public,s3.us-east-1	SRX870498	Het (Q80) Knock-In	GSM1605825	housed with Het (Q80) mice	Illumina HiSeq 2000	PAIRED	cDNA	TRANSCRIPTOMIC	Mus musculus	ILLUMINA	2016-02-16T00:00:00Z	GSM1605825	female	striatum	SRP053398	C57BL/6	striatum	2015-02-09T21:21:00Z	1
SRR1795129	6 month	RNA-Seq	100	5522478400	PRJNA274985	SAMN03334495	3613439478	GEO	public	fastq,run.zq,sra	gs,ncbi,s3	gs.US,ncbi.public,s3.us-east-1	SRX870499	Het (Q80) Knock-In	GSM1605826	housed with Het (Q80) mice	Illumina HiSeq 2000	PAIRED	cDNA	TRANSCRIPTOMIC	Mus musculus	ILLUMINA	2016-02-16T00:00:00Z	GSM1605826	male	striatum	SRP053398	C57BL/6	striatum	2015-02-09T21:23:00Z	1
SRR1795130	6 month	RNA-Seq	100	6077682400	PRJNA274985	SAMN03334552	4005308962	GEO	public	fastq,run.zq,sra	gs,ncbi,s3	gs.US,ncbi.public,s3.us-east-1	SRX870500	Het (Q80) Knock-In	GSM1605827	housed with Het (Q80) mice	Illumina HiSeq 2000	PAIRED	cDNA	TRANSCRIPTOMIC	Mus musculus	ILLUMINA	2016-02-16T00:00:00Z	GSM1605827	male	striatum	SRP053398	C57BL/6	striatum	2015-02-09T21:24:00Z	1
SRR1795131	6 month	RNA-Seq	100	5968485300	PRJNA274985	SAMN03334191	3984325828	GEO	public	fastq,run.zq,sra	gs,ncbi,s3	gs.US,ncbi.public,s3.us-east-1	SRX870501	Het (Q80) Knock-In	GSM1605828	housed with Het (Q80) mice	Illumina HiSeq 2000	PAIRED	cDNA	TRANSCRIPTOMIC	Mus musculus	ILLUMINA	2016-02-16T00:00:00Z	GSM1605828	male	striatum	SRP053398	C57BL/6	striatum	2015-02-09T21:22:00Z	1
SRR1795132	6 month	RNA-Seq	100	5484626200	PRJNA274985	SAMN03334103	3597590901	GEO	public	fastq,run.zq,sra	gs,ncbi,s3	gs.US,ncbi.public,s3.us-east-1	SRX870502	Het (Q80) Knock-In	GSM1605829	housed with Het (Q80) mice	Illumina HiSeq 2000	PAIRED	cDNA	TRANSCRIPTOMIC	Mus musculus	ILLUMINA	2016-02-16T00:00:00Z	GSM1605829	male	striatum	SRP053398	C57BL/6	striatum	2015-02-09T21:21:00Z	1
SRR1795133	10 month	RNA-Seq	102	4020505236	PRJNA274985	SAMN03333957	2775953832	GEO	public	fastq,run.zq,sra	gs,ncbi,s3	gs.US,ncbi.public,s3.us-east-1	SRX870503	Het (Q80) Knock-In	GSM1605830	housed with Het (Q80) mice	Illumina HiSeq 2000	PAIRED	cDNA	TRANSCRIPTOMIC	Mus musculus	ILLUMINA	2016-02-16T00:00:00Z	GSM1605830	female	striatum	SRP053398	C57BL/6	striatum	2015-02-09T21:18:00Z	1
SRR1795134	10 month	RNA-Seq	102	4409071890	PRJNA274985	SAMN03334714	3005620019	GEO	public	fastq,run.zq,sra	gs,ncbi,s3	gs.US,ncbi.public,s3.us-east-1	SRX870504	Het (Q80) Knock-In	GSM1605831	housed with Het (Q80) mice	Illumina HiSeq 2000	PAIRED	cDNA	TRANSCRIPTOMIC	Mus musculus	ILLUMINA	2016-02-16T00:00:00Z	GSM1605831	female	striatum	SRP053398	C57BL/6	striatum	2015-02-09T21:17:00Z	1
SRR1795135	10 month	RNA-Seq	102	4441921092	PRJNA274985	SAMN03334497	3087050488	GEO	public	fastq,run.zq,sra	gs,ncbi,s3	gs.US,ncbi.public,s3.us-east-1	SRX870505	Het (Q80) Knock-In	GSM1605832	housed with Het (Q80) mice	Illumina HiSeq 2000	PAIRED	cDNA	TRANSCRIPTOMIC	Mus musculus	ILLUMINA	2016-02-16T00:00:00Z	GSM1605832	female	striatum	SRP053398	C57BL/6	striatum	2015-02-09T21:17:00Z	1
SRR1795136	10 month	RNA-Seq	102	3920716392	PRJNA274985	SAMN03334296	2678334947	GEO	public	fastq,run.zq,sra	gs,ncbi,s3	gs.US,ncbi.public,s3.us-east-1	SRX870506	Het (Q80) Knock-In	GSM1605833	housed with Het (Q80) mice	Illumina HiSeq 2000	PAIRED	cDNA	TRANSCRIPTOMIC	Mus musculus	ILLUMINA	2016-02-16T00:00:00Z	GSM1605833	female	striatum	SRP053398	C57BL/6	striatum	2015-02-09T21:16:00Z	1
SRR1795137	10 month	RNA-Seq	102	4163169576	PRJNA274985	SAMN03333931	2902880446	GEO	public	fastq,run.zq,sra	gs,ncbi,s3	gs.US,ncbi.public,s3.us-east-1	SRX870507	Het (Q80) Knock-In	GSM1605834	housed with Het (Q80) mice	Illumina HiSeq 2000	PAIRED	cDNA	TRANSCRIPTOMIC	Mus musculus	ILLUMINA	2016-02-16T00:00:00Z	GSM1605834	male	striatum	SRP053398	C57BL/6	striatum	2015-02-09T21:17:00Z	1
SRR1795138	10 month	RNA-Seq	102	4055348946	PRJNA274985	SAMN03334178	2775005963	GEO	public	fastq,run.zq,sra	gs,ncbi,s3	gs.US,ncbi.public,s3.us-east-1	SRX870508	Het (Q80) Knock-In	GSM1605835	housed with Het (Q80) mice	Illumina HiSeq 2000	PAIRED	cDNA	TRANSCRIPTOMIC	Mus musculus	ILLUMINA	2016-02-16T00:00:00Z	GSM1605835	male	striatum	SRP053398	C57BL/6	striatum	2015-02-09T21:16:00Z	1
SRR1795139	10 month	RNA-Seq	102	4039482132	PRJNA274985	SAMN03334142	2750054201	GEO	public	fastq,run.zq,sra	gs,ncbi,s3	gs.US,ncbi.public,s3.us-east-1	SRX870509	Het (Q80) Knock-In	GSM1605836	housed with Het (Q80) mice	Illumina HiSeq 2000	PAIRED	cDNA	TRANSCRIPTOMIC	Mus musculus	ILLUMINA	2016-02-16T00:00:00Z	GSM1605836	male	striatum	SRP053398	C57BL/6	striatum	2015-02-10T02:11:00Z	1
SRR1795140	10 month	RNA-Seq	102	4715392476	PRJNA274985	SAMN03334695	3237415684	GEO	public	fastq,run.zq,sra	gs,ncbi,s3	gs.US,ncbi.public,s3.us-east-1	SRX870510	Het (Q80) Knock-In	GSM1605837	housed with Het (Q80) mice	Illumina HiSeq 2000	PAIRED	cDNA	TRANSCRIPTOMIC	Mus musculus	ILLUMINA	2016-02-16T00:00:00Z	GSM1605837	male	striatum	SRP053398	C57BL/6	striatum	2015-02-09T21:16:00Z	1
SRR1795141	2 month	RNA-Seq	102	4153411440	PRJNA274985	SAMN03334410	2613738629	GEO	public	fastq,run.zq,sra	gs,ncbi,s3	gs.US,ncbi.public,s3.us-east-1	SRX870511	Het (Q92) Knock-In	GSM1605838	housed with Het (Q92) mice	Illumina HiSeq 2000	PAIRED	cDNA	TRANSCRIPTOMIC	Mus musculus	ILLUMINA	2016-02-16T00:00:00Z	GSM1605838	female	striatum	SRP053398	C57BL/6	striatum	2015-02-09T21:14:00Z	1
SRR1795142	2 month	RNA-Seq	102	4165696830	PRJNA274985	SAMN03334158	2777857062	GEO	public	fastq,run.zq,sra	gs,ncbi,s3	gs.US,ncbi.public,s3.us-east-1	SRX870512	Het (Q92) Knock-In	GSM1605839	housed with Het (Q92) mice	Illumina HiSeq 2000	PAIRED	cDNA	TRANSCRIPTOMIC	Mus musculus	ILLUMINA	2016-02-16T00:00:00Z	GSM1605839	female	striatum	SRP053398	C57BL/6	striatum	2015-02-09T21:22:00Z	1
SRR1795143	2 month	RNA-Seq	102	4022206392	PRJNA274985	SAMN03334581	2546707074	GEO	public	fastq,run.zq,sra	gs,ncbi,s3	gs.US,ncbi.public,s3.us-east-1	SRX870513	Het (Q92) Knock-In	GSM1605840	housed with Het (Q92) mice	Illumina HiSeq 2000	PAIRED	cDNA	TRANSCRIPTOMIC	Mus musculus	ILLUMINA	2016-02-16T00:00:00Z	GSM1605840	female	striatum	SRP053398	C57BL/6	striatum	2015-02-09T21:14:00Z	1
SRR1795144	2 month	RNA-Seq	102	4395376962	PRJNA274985	SAMN03333906	3000852503	GEO	public	fastq,run.zq,sra	gs,ncbi,s3	gs.US,ncbi.public,s3.us-east-1	SRX870514	Het (Q92) Knock-In	GSM1605841	housed with Het (Q92) mice	Illumina HiSeq 2000	PAIRED	cDNA	TRANSCRIPTOMIC	Mus musculus	ILLUMINA	2016-02-16T00:00:00Z	GSM1605841	female	striatum	SRP053398	C57BL/6	striatum	2015-02-09T21:15:00Z	1
SRR1795145	2 month	RNA-Seq	102	3926546610	PRJNA274985	SAMN03334681	2584926030	GEO	public	fastq,run.zq,sra	gs,ncbi,s3	gs.US,ncbi.public,s3.us-east-1	SRX870515	Het (Q92) Knock-In	GSM1605842	housed with Het (Q92) mice	Illumina HiSeq 2000	PAIRED	cDNA	TRANSCRIPTOMIC	Mus musculus	ILLUMINA	2016-02-16T00:00:00Z	GSM1605842	male	striatum	SRP053398	C57BL/6	striatum	2015-02-09T21:14:00Z	1
SRR1795146	2 month	RNA-Seq	102	3924978360	PRJNA274985	SAMN03334259	2575987404	GEO	public	fastq,run.zq,sra	gs,ncbi,s3	gs.US,ncbi.public,s3.us-east-1	SRX870516	Het (Q92) Knock-In	GSM1605843	housed with Het (Q92) mice	Illumina HiSeq 2000	PAIRED	cDNA	TRANSCRIPTOMIC	Mus musculus	ILLUMINA	2016-02-16T00:00:00Z	GSM1605843	male	striatum	SRP053398	C57BL/6	striatum	2015-02-09T21:13:00Z	1
SRR1795147	2 month	RNA-Seq	102	4072191798	PRJNA274985	SAMN03334092	2704814775	GEO	public	fastq,run.zq,sra	gs,ncbi,s3	gs.US,ncbi.public,s3.us-east-1	SRX870517	Het (Q92) Knock-In	GSM1605844	housed with Het (Q92) mice	Illumina HiSeq 2000	PAIRED	cDNA	TRANSCRIPTOMIC	Mus musculus	ILLUMINA	2016-02-16T00:00:00Z	GSM1605844	male	striatum	SRP053398	C57BL/6	striatum	2015-02-09T21:12:00Z	1
SRR1795148	2 month	RNA-Seq	102	4339537062	PRJNA274985	SAMN03334737	2888379365	GEO	public	fastq,run.zq,sra	gs,ncbi,s3	gs.US,ncbi.public,s3.us-east-1	SRX870518	Het (Q92) Knock-In	GSM1605845	housed with Het (Q92) mice	Illumina HiSeq 2000	PAIRED	cDNA	TRANSCRIPTOMIC	Mus musculus	ILLUMINA	2016-02-16T00:00:00Z	GSM1605845	male	striatum	SRP053398	C57BL/6	striatum	2015-02-09T21:12:00Z	1
SRR1795149	6 month	RNA-Seq	100	4480596700	PRJNA274985	SAMN03333994	2823610371	GEO	public	fastq,run.zq,sra	gs,ncbi,s3	gs.US,ncbi.public,s3.us-east-1	SRX870519	Het (Q92) Knock-In	GSM1605846	housed with Het (Q92) mice	Illumina HiSeq 2000	PAIRED	cDNA	TRANSCRIPTOMIC	Mus musculus	ILLUMINA	2016-02-16T00:00:00Z	GSM1605846	female	striatum	SRP053398	C57BL/6	striatum	2015-02-09T21:13:00Z	1
SRR1795150	6 month	RNA-Seq	100	4704246900	PRJNA274985	SAMN03334234	2984427958	GEO	public	fastq,run.zq,sra	gs,ncbi,s3	gs.US,ncbi.public,s3.us-east-1	SRX870520	Het (Q92) Knock-In	GSM1605847	housed with Het (Q92) mice	Illumina HiSeq 2000	PAIRED	cDNA	TRANSCRIPTOMIC	Mus musculus	ILLUMINA	2016-02-16T00:00:00Z	GSM1605847	female	striatum	SRP053398	C57BL/6	striatum	2015-02-09T21:12:00Z	1
SRR1795151	6 month	RNA-Seq	100	4325820200	PRJNA274985	SAMN03334157	2705713066	GEO	public	fastq,run.zq,sra	gs,ncbi,s3	gs.US,ncbi.public,s3.us-east-1	SRX870521	Het (Q92) Knock-In	GSM1605848	housed with Het (Q92) mice	Illumina HiSeq 2000	PAIRED	cDNA	TRANSCRIPTOMIC	Mus musculus	ILLUMINA	2016-02-16T00:00:00Z	GSM1605848	female	striatum	SRP053398	C57BL/6	striatum	2015-02-09T21:11:00Z	1
SRR1795152	6 month	RNA-Seq	100	4415059100	PRJNA274985	SAMN03334018	2802678066	GEO	public	fastq,run.zq,sra	gs,ncbi,s3	gs.US,ncbi.public,s3.us-east-1	SRX870522	Het (Q92) Knock-In	GSM1605849	housed with Het (Q92) mice	Illumina HiSeq 2000	PAIRED	cDNA	TRANSCRIPTOMIC	Mus musculus	ILLUMINA	2016-02-16T00:00:00Z	GSM1605849	female	striatum	SRP053398	C57BL/6	striatum	2015-02-09T21:12:00Z	1
SRR1795153	6 month	RNA-Seq	100	4994173700	PRJNA274985	SAMN03334284	3206494866	GEO	public	fastq,run.zq,sra	gs,ncbi,s3	gs.US,ncbi.public,s3.us-east-1	SRX870523	Het (Q92) Knock-In	GSM1605850	housed with Het (Q92) mice	Illumina HiSeq 2000	PAIRED	cDNA	TRANSCRIPTOMIC	Mus musculus	ILLUMINA	2016-02-16T00:00:00Z	GSM1605850	male	striatum	SRP053398	C57BL/6	striatum	2015-02-09T21:13:00Z	1
SRR1795154	6 month	RNA-Seq	100	3776245400	PRJNA274985	SAMN03334781	2410299112	GEO	public	fastq,run.zq,sra	gs,ncbi,s3	gs.US,ncbi.public,s3.us-east-1	SRX870524	Het (Q92) Knock-In	GSM1605851	housed with Het (Q92) mice	Illumina HiSeq 2000	PAIRED	cDNA	TRANSCRIPTOMIC	Mus musculus	ILLUMINA	2016-02-16T00:00:00Z	GSM1605851	male	striatum	SRP053398	C57BL/6	striatum	2015-02-09T21:10:00Z	1
SRR1795155	6 month	RNA-Seq	100	4190265600	PRJNA274985	SAMN03333831	2628887996	GEO	public	fastq,run.zq,sra	gs,ncbi,s3	gs.US,ncbi.public,s3.us-east-1	SRX870525	Het (Q92) Knock-In	GSM1605852	housed with Het (Q92) mice	Illumina HiSeq 2000	PAIRED	cDNA	TRANSCRIPTOMIC	Mus musculus	ILLUMINA	2016-02-16T00:00:00Z	GSM1605852	male	striatum	SRP053398	C57BL/6	striatum	2015-02-09T21:12:00Z	1
SRR1795156	6 month	RNA-Seq	100	4206670800	PRJNA274985	SAMN03333847	2648143769	GEO	public	fastq,run.zq,sra	gs,ncbi,s3	gs.US,ncbi.public,s3.us-east-1	SRX870526	Het (Q92) Knock-In	GSM1605853	housed with Het (Q92) mice	Illumina HiSeq 2000	PAIRED	cDNA	TRANSCRIPTOMIC	Mus musculus	ILLUMINA	2016-02-16T00:00:00Z	GSM1605853	male	striatum	SRP053398	C57BL/6	striatum	2015-02-09T21:09:00Z	1
SRR1795157	10 month	RNA-Seq	102	4189082268	PRJNA274985	SAMN03334414	2875732315	GEO	public	fastq,run.zq,sra	gs,ncbi,s3	gs.US,ncbi.public,s3.us-east-1	SRX870527	Het (Q92) Knock-In	GSM1605854	housed with Het (Q92) mice	Illumina HiSeq 2000	PAIRED	cDNA	TRANSCRIPTOMIC	Mus musculus	ILLUMINA	2016-02-16T00:00:00Z	GSM1605854	female	striatum	SRP053398	C57BL/6	striatum	2015-02-09T21:08:00Z	1
SRR1795158	10 month	RNA-Seq	102	4364705868	PRJNA274985	SAMN03333897	2976085057	GEO	public	fastq,run.zq,sra	gs,ncbi,s3	gs.US,ncbi.public,s3.us-east-1	SRX870528	Het (Q92) Knock-In	GSM1605855	housed with Het (Q92) mice	Illumina HiSeq 2000	PAIRED	cDNA	TRANSCRIPTOMIC	Mus musculus	ILLUMINA	2016-02-16T00:00:00Z	GSM1605855	female	striatum	SRP053398	C57BL/6	striatum	2015-02-09T21:08:00Z	1
SRR1795159	10 month	RNA-Seq	102	4669340496	PRJNA274985	SAMN03334437	3213158181	GEO	public	fastq,run.zq,sra	gs,ncbi,s3	gs.US,ncbi.public,s3.us-east-1	SRX870529	Het (Q92) Knock-In	GSM1605856	housed with Het (Q92) mice	Illumina HiSeq 2000	PAIRED	cDNA	TRANSCRIPTOMIC	Mus musculus	ILLUMINA	2016-02-16T00:00:00Z	GSM1605856	female	striatum	SRP053398	C57BL/6	striatum	2015-02-09T21:09:00Z	1
SRR1795160	10 month	RNA-Seq	102	4319507628	PRJNA274985	SAMN03334368	2952756659	GEO	public	fastq,run.zq,sra	gs,ncbi,s3	gs.US,ncbi.public,s3.us-east-1	SRX870530	Het (Q92) Knock-In	GSM1605857	housed with Het (Q92) mice	Illumina HiSeq 2000	PAIRED	cDNA	TRANSCRIPTOMIC	Mus musculus	ILLUMINA	2016-02-16T00:00:00Z	GSM1605857	female	striatum	SRP053398	C57BL/6	striatum	2015-02-09T21:08:00Z	1
SRR1795161	10 month	RNA-Seq	102	4118225112	PRJNA274985	SAMN03334051	2831858123	GEO	public	fastq,run.zq,sra	gs,ncbi,s3	gs.US,ncbi.public,s3.us-east-1	SRX870531	Het (Q92) Knock-In	GSM1605858	housed with Het (Q92) mice	Illumina HiSeq 2000	PAIRED	cDNA	TRANSCRIPTOMIC	Mus musculus	ILLUMINA	2016-02-16T00:00:00Z	GSM1605858	male	striatum	SRP053398	C57BL/6	striatum	2015-02-09T21:08:00Z	1
SRR1795162	10 month	RNA-Seq	102	4530655686	PRJNA274985	SAMN03334602	3191213436	GEO	public	fastq,run.zq,sra	gs,ncbi,s3	gs.US,ncbi.public,s3.us-east-1	SRX870532	Het (Q92) Knock-In	GSM1605859	housed with Het (Q92) mice	Illumina HiSeq 2000	PAIRED	cDNA	TRANSCRIPTOMIC	Mus musculus	ILLUMINA	2016-02-16T00:00:00Z	GSM1605859	male	striatum	SRP053398	C57BL/6	striatum	2015-02-09T21:18:00Z	1
SRR1795163	10 month	RNA-Seq	102	4727263542	PRJNA274985	SAMN03334133	3226162434	GEO	public	fastq,run.zq,sra	gs,ncbi,s3	gs.US,ncbi.public,s3.us-east-1	SRX870533	Het (Q92) Knock-In	GSM1605860	housed with Het (Q92) mice	Illumina HiSeq 2000	PAIRED	cDNA	TRANSCRIPTOMIC	Mus musculus	ILLUMINA	2016-02-16T00:00:00Z	GSM1605860	male	striatum	SRP053398	C57BL/6	striatum	2015-02-09T21:09:00Z	1
SRR1795164	10 month	RNA-Seq	102	4251354492	PRJNA274985	SAMN03334556	2900377407	GEO	public	fastq,run.zq,sra	gs,ncbi,s3	gs.US,ncbi.public,s3.us-east-1	SRX870534	Het (Q92) Knock-In	GSM1605861	housed with Het (Q92) mice	Illumina HiSeq 2000	PAIRED	cDNA	TRANSCRIPTOMIC	Mus musculus	ILLUMINA	2016-02-16T00:00:00Z	GSM1605861	male	striatum	SRP053398	C57BL/6	striatum	2015-02-09T21:09:00Z	1
SRR1795165	2 month	RNA-Seq	102	3932343984	PRJNA274985	SAMN03333869	2554127319	GEO	public	fastq,run.zq,sra	gs,ncbi,s3	gs.US,ncbi.public,s3.us-east-1	SRX870535	Wild Type	GSM1605862	housed with Het (Q20) mice	Illumina HiSeq 2000	PAIRED	cDNA	TRANSCRIPTOMIC	Mus musculus	ILLUMINA	2016-02-16T00:00:00Z	GSM1605862	female	striatum	SRP053398	C57BL/6	striatum	2015-02-09T21:08:00Z	1
SRR1795166	2 month	RNA-Seq	102	3951177570	PRJNA274985	SAMN03333824	2647611769	GEO	public	fastq,run.zq,sra	gs,ncbi,s3	gs.US,ncbi.public,s3.us-east-1	SRX870536	Wild Type	GSM1605863	housed with Het (Q20) mice	Illumina HiSeq 2000	PAIRED	cDNA	TRANSCRIPTOMIC	Mus musculus	ILLUMINA	2016-02-16T00:00:00Z	GSM1605863	female	striatum	SRP053398	C57BL/6	striatum	2015-02-09T21:08:00Z	1
SRR1795167	2 month	RNA-Seq	102	4002716130	PRJNA274985	SAMN03334354	2649134652	GEO	public	fastq,run.zq,sra	gs,ncbi,s3	gs.US,ncbi.public,s3.us-east-1	SRX870537	Wild Type	GSM1605864	housed with Het (Q20) mice	Illumina HiSeq 2000	PAIRED	cDNA	TRANSCRIPTOMIC	Mus musculus	ILLUMINA	2016-02-16T00:00:00Z	GSM1605864	female	striatum	SRP053398	C57BL/6	striatum	2015-02-09T21:07:00Z	1
SRR1795168	2 month	RNA-Seq	102	3964562622	PRJNA274985	SAMN03334146	2573045111	GEO	public	fastq,run.zq,sra	gs,ncbi,s3	gs.US,ncbi.public,s3.us-east-1	SRX870538	Wild Type	GSM1605865	housed with Het (Q20) mice	Illumina HiSeq 2000	PAIRED	cDNA	TRANSCRIPTOMIC	Mus musculus	ILLUMINA	2016-02-16T00:00:00Z	GSM1605865	female	striatum	SRP053398	C57BL/6	striatum	2015-02-09T21:14:00Z	1
SRR1795169	2 month	RNA-Seq	102	3920944872	PRJNA274985	SAMN03334758	2476928719	GEO	public	fastq,run.zq,sra	gs,ncbi,s3	gs.US,ncbi.public,s3.us-east-1	SRX870539	Wild Type	GSM1605866	housed with Het (Q20) mice	Illumina HiSeq 2000	PAIRED	cDNA	TRANSCRIPTOMIC	Mus musculus	ILLUMINA	2016-02-16T00:00:00Z	GSM1605866	male	striatum	SRP053398	C57BL/6	striatum	2015-02-09T21:07:00Z	1
SRR1795170	2 month	RNA-Seq	102	4068067938	PRJNA274985	SAMN03334086	2718284618	GEO	public	fastq,run.zq,sra	gs,ncbi,s3	gs.US,ncbi.public,s3.us-east-1	SRX870540	Wild Type	GSM1605867	housed with Het (Q20) mice	Illumina HiSeq 2000	PAIRED	cDNA	TRANSCRIPTOMIC	Mus musculus	ILLUMINA	2016-02-16T00:00:00Z	GSM1605867	male	striatum	SRP053398	C57BL/6	striatum	2015-02-09T21:15:00Z	1
SRR1795171	2 month	RNA-Seq	102	4539694314	PRJNA274985	SAMN03334165	3032876726	GEO	public	fastq,run.zq,sra	gs,ncbi,s3	gs.US,ncbi.public,s3.us-east-1	SRX870541	Wild Type	GSM1605868	housed with Het (Q20) mice	Illumina HiSeq 2000	PAIRED	cDNA	TRANSCRIPTOMIC	Mus musculus	ILLUMINA	2016-02-16T00:00:00Z	GSM1605868	male	striatum	SRP053398	C57BL/6	striatum	2015-02-09T21:09:00Z	1
SRR1795172	2 month	RNA-Seq	102	3956721678	PRJNA274985	SAMN03334453	2486594674	GEO	public	fastq,run.zq,sra	gs,ncbi,s3	gs.US,ncbi.public,s3.us-east-1	SRX870542	Wild Type	GSM1605869	housed with Het (Q20) mice	Illumina HiSeq 2000	PAIRED	cDNA	TRANSCRIPTOMIC	Mus musculus	ILLUMINA	2016-02-16T00:00:00Z	GSM1605869	male	striatum	SRP053398	C57BL/6	striatum	2015-02-09T21:08:00Z	1
SRR1795173	6 month	RNA-Seq	100	5380169900	PRJNA274985	SAMN03333848	3530377990	GEO	public	fastq,run.zq,sra	gs,ncbi,s3	gs.US,ncbi.public,s3.us-east-1	SRX870543	Wild Type	GSM1605870	housed with Het (Q175) mice	Illumina HiSeq 2000	PAIRED	cDNA	TRANSCRIPTOMIC	Mus musculus	ILLUMINA	2016-02-16T00:00:00Z	GSM1605870	female	striatum	SRP053398	C57BL/6	striatum	2015-02-09T21:09:00Z	1
SRR1795174	6 month	RNA-Seq	100	5226189500	PRJNA274985	SAMN03333941	3425268592	GEO	public	fastq,run.zq,sra	gs,ncbi,s3	gs.US,ncbi.public,s3.us-east-1	SRX870544	Wild Type	GSM1605871	housed with Het (Q175) mice	Illumina HiSeq 2000	PAIRED	cDNA	TRANSCRIPTOMIC	Mus musculus	ILLUMINA	2016-02-16T00:00:00Z	GSM1605871	female	striatum	SRP053398	C57BL/6	striatum	2015-02-09T21:09:00Z	1
SRR1795175	6 month	RNA-Seq	100	5433542200	PRJNA274985	SAMN03334568	3544130686	GEO	public	fastq,run.zq,sra	gs,ncbi,s3	gs.US,ncbi.public,s3.us-east-1	SRX870545	Wild Type	GSM1605872	housed with Het (Q175) mice	Illumina HiSeq 2000	PAIRED	cDNA	TRANSCRIPTOMIC	Mus musculus	ILLUMINA	2016-02-16T00:00:00Z	GSM1605872	female	striatum	SRP053398	C57BL/6	striatum	2015-02-09T21:10:00Z	1
SRR1795176	6 month	RNA-Seq	100	5649054700	PRJNA274985	SAMN03334486	3798463262	GEO	public	fastq,run.zq,sra	gs,ncbi,s3	gs.US,ncbi.public,s3.us-east-1	SRX870546	Wild Type	GSM1605873	housed with Het (Q175) mice	Illumina HiSeq 2000	PAIRED	cDNA	TRANSCRIPTOMIC	Mus musculus	ILLUMINA	2016-02-16T00:00:00Z	GSM1605873	female	striatum	SRP053398	C57BL/6	striatum	2015-02-09T21:11:00Z	1
SRR1795177	6 month	RNA-Seq	100	5685967700	PRJNA274985	SAMN03334067	3710557238	GEO	public	fastq,run.zq,sra	gs,ncbi,s3	gs.US,ncbi.public,s3.us-east-1	SRX870547	Wild Type	GSM1605874	housed with Het (Q111) mice	Illumina HiSeq 2000	PAIRED	cDNA	TRANSCRIPTOMIC	Mus musculus	ILLUMINA	2016-02-16T00:00:00Z	GSM1605874	female	striatum	SRP053398	C57BL/6	striatum	2015-02-09T21:11:00Z	1
SRR1795178	6 month	RNA-Seq	100	5858279400	PRJNA274985	SAMN03334642	3864682021	GEO	public	fastq,run.zq,sra	gs,ncbi,s3	gs.US,ncbi.public,s3.us-east-1	SRX870548	Wild Type	GSM1605875	housed with Het (Q111) mice	Illumina HiSeq 2000	PAIRED	cDNA	TRANSCRIPTOMIC	Mus musculus	ILLUMINA	2016-02-16T00:00:00Z	GSM1605875	female	striatum	SRP053398	C57BL/6	striatum	2015-02-09T21:11:00Z	1
SRR1795179	6 month	RNA-Seq	100	5455044200	PRJNA274985	SAMN03334561	3594330755	GEO	public	fastq,run.zq,sra	gs,ncbi,s3	gs.US,ncbi.public,s3.us-east-1	SRX870549	Wild Type	GSM1605876	housed with Het (Q111) mice	Illumina HiSeq 2000	PAIRED	cDNA	TRANSCRIPTOMIC	Mus musculus	ILLUMINA	2016-02-16T00:00:00Z	GSM1605876	female	striatum	SRP053398	C57BL/6	striatum	2015-02-09T21:16:00Z	1
SRR1795180	6 month	RNA-Seq	100	5302088100	PRJNA274985	SAMN03334138	3486720739	GEO	public	fastq,run.zq,sra	gs,ncbi,s3	gs.US,ncbi.public,s3.us-east-1	SRX870550	Wild Type	GSM1605877	housed with Het (Q111) mice	Illumina HiSeq 2000	PAIRED	cDNA	TRANSCRIPTOMIC	Mus musculus	ILLUMINA	2016-02-16T00:00:00Z	GSM1605877	female	striatum	SRP053398	C57BL/6	striatum	2015-02-09T21:09:00Z	1
SRR1795181	6 month	RNA-Seq	99	5257357395	PRJNA274985	SAMN03334125	3413841919	GEO	public	fastq,run.zq,sra	gs,ncbi,s3	gs.US,ncbi.public,s3.us-east-1	SRX870551	Wild Type	GSM1605878	housed with Het (Q20) mice	Illumina HiSeq 2000	PAIRED	cDNA	TRANSCRIPTOMIC	Mus musculus	ILLUMINA	2016-02-16T00:00:00Z	GSM1605878	female	striatum	SRP053398	C57BL/6	striatum	2015-02-09T21:31:00Z	1
SRR1795182	6 month	RNA-Seq	99	5586171443	PRJNA274985	SAMN03333899	3636754290	GEO	public	fastq,run.zq,sra	gs,ncbi,s3	gs.US,ncbi.public,s3.us-east-1	SRX870552	Wild Type	GSM1605879	housed with Het (Q20) mice	Illumina HiSeq 2000	PAIRED	cDNA	TRANSCRIPTOMIC	Mus musculus	ILLUMINA	2016-02-16T00:00:00Z	GSM1605879	female	striatum	SRP053398	C57BL/6	striatum	2015-02-09T21:21:00Z	1
SRR1795183	6 month	RNA-Seq	99	5189196457	PRJNA274985	SAMN03334357	3357008393	GEO	public	fastq,run.zq,sra	gs,ncbi,s3	gs.US,ncbi.public,s3.us-east-1	SRX870553	Wild Type	GSM1605880	housed with Het (Q20) mice	Illumina HiSeq 2000	PAIRED	cDNA	TRANSCRIPTOMIC	Mus musculus	ILLUMINA	2016-02-16T00:00:00Z	GSM1605880	female	striatum	SRP053398	C57BL/6	striatum	2015-02-09T21:19:00Z	1
SRR1795184	6 month	RNA-Seq	100	5284083200	PRJNA274985	SAMN03334446	3484249809	GEO	public	fastq,run.zq,sra	gs,ncbi,s3	gs.US,ncbi.public,s3.us-east-1	SRX870554	Wild Type	GSM1605881	housed with Het (Q20) mice	Illumina HiSeq 2000	PAIRED	cDNA	TRANSCRIPTOMIC	Mus musculus	ILLUMINA	2016-02-16T00:00:00Z	GSM1605881	female	striatum	SRP053398	C57BL/6	striatum	2015-02-09T21:11:00Z	1
SRR1795185	6 month	RNA-Seq	100	4958639400	PRJNA274985	SAMN03334637	3160829609	GEO	public	fastq,run.zq,sra	gs,ncbi,s3	gs.US,ncbi.public,s3.us-east-1	SRX870555	Wild Type	GSM1605882	housed with Het (Q80) mice	Illumina HiSeq 2000	PAIRED	cDNA	TRANSCRIPTOMIC	Mus musculus	ILLUMINA	2016-02-16T00:00:00Z	GSM1605882	female	striatum	SRP053398	C57BL/6	striatum	2015-02-09T21:15:00Z	1
SRR1795186	6 month	RNA-Seq	100	4774064900	PRJNA274985	SAMN03334388	3072227909	GEO	public	fastq,run.zq,sra	gs,ncbi,s3	gs.US,ncbi.public,s3.us-east-1	SRX870556	Wild Type	GSM1605883	housed with Het (Q80) mice	Illumina HiSeq 2000	PAIRED	cDNA	TRANSCRIPTOMIC	Mus musculus	ILLUMINA	2016-02-16T00:00:00Z	GSM1605883	female	striatum	SRP053398	C57BL/6	striatum	2015-02-09T21:08:00Z	1
SRR1795187	6 month	RNA-Seq	100	4759076900	PRJNA274985	SAMN03334562	3068627154	GEO	public	fastq,run.zq,sra	gs,ncbi,s3	gs.US,ncbi.public,s3.us-east-1	SRX870557	Wild Type	GSM1605884	housed with Het (Q80) mice	Illumina HiSeq 2000	PAIRED	cDNA	TRANSCRIPTOMIC	Mus musculus	ILLUMINA	2016-02-16T00:00:00Z	GSM1605884	female	striatum	SRP053398	C57BL/6	striatum	2015-02-09T21:17:00Z	1
SRR1795188	6 month	RNA-Seq	100	5049271000	PRJNA274985	SAMN03334601	3242812073	GEO	public	fastq,run.zq,sra	gs,ncbi,s3	gs.US,ncbi.public,s3.us-east-1	SRX870558	Wild Type	GSM1605885	housed with Het (Q80) mice	Illumina HiSeq 2000	PAIRED	cDNA	TRANSCRIPTOMIC	Mus musculus	ILLUMINA	2016-02-16T00:00:00Z	GSM1605885	female	striatum	SRP053398	C57BL/6	striatum	2015-02-09T21:17:00Z	1
SRR1795189	6 month	RNA-Seq	100	5062206400	PRJNA274985	SAMN03334622	3249135064	GEO	public	fastq,run.zq,sra	gs,ncbi,s3	gs.US,ncbi.public,s3.us-east-1	SRX870559	Wild Type	GSM1605886	housed with Het (Q140) mice	Illumina HiSeq 2000	PAIRED	cDNA	TRANSCRIPTOMIC	Mus musculus	ILLUMINA	2016-02-16T00:00:00Z	GSM1605886	female	striatum	SRP053398	C57BL/6	striatum	2015-02-09T21:09:00Z	1
SRR1795190	6 month	RNA-Seq	100	5146912400	PRJNA274985	SAMN03334104	3300694726	GEO	public	fastq,run.zq,sra	gs,ncbi,s3	gs.US,ncbi.public,s3.us-east-1	SRX870560	Wild Type	GSM1605887	housed with Het (Q140) mice	Illumina HiSeq 2000	PAIRED	cDNA	TRANSCRIPTOMIC	Mus musculus	ILLUMINA	2016-02-16T00:00:00Z	GSM1605887	female	striatum	SRP053398	C57BL/6	striatum	2015-02-09T21:10:00Z	1
SRR1795191	6 month	RNA-Seq	100	5526006200	PRJNA274985	SAMN03334106	3573322672	GEO	public	fastq,run.zq,sra	gs,ncbi,s3	gs.US,ncbi.public,s3.us-east-1	SRX870561	Wild Type	GSM1605888	housed with Het (Q140) mice	Illumina HiSeq 2000	PAIRED	cDNA	TRANSCRIPTOMIC	Mus musculus	ILLUMINA	2016-02-16T00:00:00Z	GSM1605888	female	striatum	SRP053398	C57BL/6	striatum	2015-02-09T21:12:00Z	1
SRR1795192	6 month	RNA-Seq	100	5268012000	PRJNA274985	SAMN03334331	3398054237	GEO	public	fastq,run.zq,sra	gs,ncbi,s3	gs.US,ncbi.public,s3.us-east-1	SRX870562	Wild Type	GSM1605889	housed with Het (Q140) mice	Illumina HiSeq 2000	PAIRED	cDNA	TRANSCRIPTOMIC	Mus musculus	ILLUMINA	2016-02-16T00:00:00Z	GSM1605889	female	striatum	SRP053398	C57BL/6	striatum	2015-02-09T21:11:00Z	1
SRR1795193	6 month	RNA-Seq	100	4704394400	PRJNA274985	SAMN03334416	2995037624	GEO	public	fastq,run.zq,sra	gs,ncbi,s3	gs.US,ncbi.public,s3.us-east-1	SRX870563	Wild Type	GSM1605890	housed with Het (Q92) mice	Illumina HiSeq 2000	PAIRED	cDNA	TRANSCRIPTOMIC	Mus musculus	ILLUMINA	2016-02-16T00:00:00Z	GSM1605890	female	striatum	SRP053398	C57BL/6	striatum	2015-02-09T21:08:00Z	1
SRR1795194	6 month	RNA-Seq	100	4653047800	PRJNA274985	SAMN03334341	2932499135	GEO	public	fastq,run.zq,sra	gs,ncbi,s3	gs.US,ncbi.public,s3.us-east-1	SRX870564	Wild Type	GSM1605891	housed with Het (Q92) mice	Illumina HiSeq 2000	PAIRED	cDNA	TRANSCRIPTOMIC	Mus musculus	ILLUMINA	2016-02-16T00:00:00Z	GSM1605891	female	striatum	SRP053398	C57BL/6	striatum	2015-02-09T21:18:00Z	1
SRR1795195	6 month	RNA-Seq	123	6748894100	PRJNA274985	SAMN03334024	4422260811	GEO	public	fastq,run.zq,sra	gs,ncbi,s3	gs.US,ncbi.public,s3.us-east-1	SRX870565	Wild Type	GSM1605892	housed with Het (Q92) mice	Illumina HiSeq 2000	PAIRED	cDNA	TRANSCRIPTOMIC	Mus musculus	ILLUMINA	2016-02-16T00:00:00Z	GSM1605892	female	striatum	SRP053398	C57BL/6	striatum	2015-02-10T16:14:00Z	1
SRR1795196	6 month	RNA-Seq	100	4666539200	PRJNA274985	SAMN03334084	2913970560	GEO	public	fastq,run.zq,sra	gs,ncbi,s3	gs.US,ncbi.public,s3.us-east-1	SRX870566	Wild Type	GSM1605893	housed with Het (Q92) mice	Illumina HiSeq 2000	PAIRED	cDNA	TRANSCRIPTOMIC	Mus musculus	ILLUMINA	2016-02-16T00:00:00Z	GSM1605893	female	striatum	SRP053398	C57BL/6	striatum	2015-02-09T21:08:00Z	1
SRR1795197	6 month	RNA-Seq	100	5221326800	PRJNA274985	SAMN03333934	3518023325	GEO	public	fastq,run.zq,sra	gs,ncbi,s3	gs.US,ncbi.public,s3.us-east-1	SRX870567	Wild Type	GSM1605894	housed with Het (Q175) mice	Illumina HiSeq 2000	PAIRED	cDNA	TRANSCRIPTOMIC	Mus musculus	ILLUMINA	2016-02-16T00:00:00Z	GSM1605894	male	striatum	SRP053398	C57BL/6	striatum	2015-02-09T21:09:00Z	1
SRR1795198	6 month	RNA-Seq	100	6075402100	PRJNA274985	SAMN03333834	3986159763	GEO	public	fastq,run.zq,sra	gs,ncbi,s3	gs.US,ncbi.public,s3.us-east-1	SRX870568	Wild Type	GSM1605895	housed with Het (Q175) mice	Illumina HiSeq 2000	PAIRED	cDNA	TRANSCRIPTOMIC	Mus musculus	ILLUMINA	2016-02-16T00:00:00Z	GSM1605895	male	striatum	SRP053398	C57BL/6	striatum	2015-02-09T21:09:00Z	1
SRR1795199	6 month	RNA-Seq	100	5510232900	PRJNA274985	SAMN03333951	3590756667	GEO	public	fastq,run.zq,sra	gs,ncbi,s3	gs.US,ncbi.public,s3.us-east-1	SRX870569	Wild Type	GSM1605896	housed with Het (Q175) mice	Illumina HiSeq 2000	PAIRED	cDNA	TRANSCRIPTOMIC	Mus musculus	ILLUMINA	2016-02-16T00:00:00Z	GSM1605896	male	striatum	SRP053398	C57BL/6	striatum	2015-02-09T21:09:00Z	1
SRR1795200	6 month	RNA-Seq	100	5731984200	PRJNA274985	SAMN03333935	3740728565	GEO	public	fastq,run.zq,sra	gs,ncbi,s3	gs.US,ncbi.public,s3.us-east-1	SRX870570	Wild Type	GSM1605897	housed with Het (Q175) mice	Illumina HiSeq 2000	PAIRED	cDNA	TRANSCRIPTOMIC	Mus musculus	ILLUMINA	2016-02-16T00:00:00Z	GSM1605897	male	striatum	SRP053398	C57BL/6	striatum	2015-02-09T21:11:00Z	1
SRR1795201	6 month	RNA-Seq	100	5366334100	PRJNA274985	SAMN03334673	3592701642	GEO	public	fastq,run.zq,sra	gs,ncbi,s3	gs.US,ncbi.public,s3.us-east-1	SRX870571	Wild Type	GSM1605898	housed with Het (Q111) mice	Illumina HiSeq 2000	PAIRED	cDNA	TRANSCRIPTOMIC	Mus musculus	ILLUMINA	2016-02-16T00:00:00Z	GSM1605898	male	striatum	SRP053398	C57BL/6	striatum	2015-02-09T21:08:00Z	1
SRR1795202	6 month	RNA-Seq	100	5782760400	PRJNA274985	SAMN03333929	3819512402	GEO	public	fastq,run.zq,sra	gs,ncbi,s3	gs.US,ncbi.public,s3.us-east-1	SRX870572	Wild Type	GSM1605899	housed with Het (Q111) mice	Illumina HiSeq 2000	PAIRED	cDNA	TRANSCRIPTOMIC	Mus musculus	ILLUMINA	2016-02-16T00:00:00Z	GSM1605899	male	striatum	SRP053398	C57BL/6	striatum	2015-02-09T21:09:00Z	1
SRR1795203	6 month	RNA-Seq	100	5240725400	PRJNA274985	SAMN03334679	3494178901	GEO	public	fastq,run.zq,sra	gs,ncbi,s3	gs.US,ncbi.public,s3.us-east-1	SRX870573	Wild Type	GSM1605900	housed with Het (Q111) mice	Illumina HiSeq 2000	PAIRED	cDNA	TRANSCRIPTOMIC	Mus musculus	ILLUMINA	2016-02-16T00:00:00Z	GSM1605900	male	striatum	SRP053398	C57BL/6	striatum	2015-02-09T21:07:00Z	1
SRR1795204	6 month	RNA-Seq	100	5112512900	PRJNA274985	SAMN03334068	3433259250	GEO	public	fastq,run.zq,sra	gs,ncbi,s3	gs.US,ncbi.public,s3.us-east-1	SRX870574	Wild Type	GSM1605901	housed with Het (Q111) mice	Illumina HiSeq 2000	PAIRED	cDNA	TRANSCRIPTOMIC	Mus musculus	ILLUMINA	2016-02-16T00:00:00Z	GSM1605901	male	striatum	SRP053398	C57BL/6	striatum	2015-02-09T21:08:00Z	1
SRR1795205	6 month	RNA-Seq	100	5291837700	PRJNA274985	SAMN03334363	3454481730	GEO	public	fastq,run.zq,sra	gs,ncbi,s3	gs.US,ncbi.public,s3.us-east-1	SRX870575	Wild Type	GSM1605902	housed with Het (Q20) mice	Illumina HiSeq 2000	PAIRED	cDNA	TRANSCRIPTOMIC	Mus musculus	ILLUMINA	2016-02-16T00:00:00Z	GSM1605902	male	striatum	SRP053398	C57BL/6	striatum	2015-02-09T21:18:00Z	1
SRR1795206	6 month	RNA-Seq	100	5271512300	PRJNA274985	SAMN03334533	3444805141	GEO	public	fastq,run.zq,sra	gs,ncbi,s3	gs.US,ncbi.public,s3.us-east-1	SRX870576	Wild Type	GSM1605903	housed with Het (Q20) mice	Illumina HiSeq 2000	PAIRED	cDNA	TRANSCRIPTOMIC	Mus musculus	ILLUMINA	2016-02-16T00:00:00Z	GSM1605903	male	striatum	SRP053398	C57BL/6	striatum	2015-02-09T21:20:00Z	1
SRR1795207	6 month	RNA-Seq	98	5411233490	PRJNA274985	SAMN03334487	3582176493	GEO	public	fastq,run.zq,sra	gs,ncbi,s3	gs.US,ncbi.public,s3.us-east-1	SRX870577	Wild Type	GSM1605904	housed with Het (Q20) mice	Illumina HiSeq 2000	PAIRED	cDNA	TRANSCRIPTOMIC	Mus musculus	ILLUMINA	2016-02-16T00:00:00Z	GSM1605904	male	striatum	SRP053398	C57BL/6	striatum	2015-02-09T21:25:00Z	1
SRR1795208	6 month	RNA-Seq	99	5149366980	PRJNA274985	SAMN03334088	3320966868	GEO	public	fastq,run.zq,sra	gs,ncbi,s3	gs.US,ncbi.public,s3.us-east-1	SRX870578	Wild Type	GSM1605905	housed with Het (Q20) mice	Illumina HiSeq 2000	PAIRED	cDNA	TRANSCRIPTOMIC	Mus musculus	ILLUMINA	2016-02-16T00:00:00Z	GSM1605905	male	striatum	SRP053398	C57BL/6	striatum	2015-02-09T21:17:00Z	1
SRR1795209	6 month	RNA-Seq	100	5132410900	PRJNA274985	SAMN03334534	3399634541	GEO	public	fastq,run.zq,sra	gs,ncbi,s3	gs.US,ncbi.public,s3.us-east-1	SRX870579	Wild Type	GSM1605906	housed with Het (Q80) mice	Illumina HiSeq 2000	PAIRED	cDNA	TRANSCRIPTOMIC	Mus musculus	ILLUMINA	2016-02-16T00:00:00Z	GSM1605906	male	striatum	SRP053398	C57BL/6	striatum	2015-02-09T21:07:00Z	1
SRR1795210	6 month	RNA-Seq	100	5636706500	PRJNA274985	SAMN03333854	3689671772	GEO	public	fastq,run.zq,sra	gs,ncbi,s3	gs.US,ncbi.public,s3.us-east-1	SRX870580	Wild Type	GSM1605907	housed with Het (Q80) mice	Illumina HiSeq 2000	PAIRED	cDNA	TRANSCRIPTOMIC	Mus musculus	ILLUMINA	2016-02-16T00:00:00Z	GSM1605907	male	striatum	SRP053398	C57BL/6	striatum	2015-02-09T21:07:00Z	1
SRR1795211	6 month	RNA-Seq	100	5240481000	PRJNA274985	SAMN03334720	3431090626	GEO	public	fastq,run.zq,sra	gs,ncbi,s3	gs.US,ncbi.public,s3.us-east-1	SRX870581	Wild Type	GSM1605908	housed with Het (Q80) mice	Illumina HiSeq 2000	PAIRED	cDNA	TRANSCRIPTOMIC	Mus musculus	ILLUMINA	2016-02-16T00:00:00Z	GSM1605908	male	striatum	SRP053398	C57BL/6	striatum	2015-02-09T21:14:00Z	1
SRR1795212	6 month	RNA-Seq	100	5318129600	PRJNA274985	SAMN03334745	3528594336	GEO	public	fastq,run.zq,sra	gs,ncbi,s3	gs.US,ncbi.public,s3.us-east-1	SRX870582	Wild Type	GSM1605909	housed with Het (Q80) mice	Illumina HiSeq 2000	PAIRED	cDNA	TRANSCRIPTOMIC	Mus musculus	ILLUMINA	2016-02-16T00:00:00Z	GSM1605909	male	striatum	SRP053398	C57BL/6	striatum	2015-02-09T21:12:00Z	1
SRR1795213	6 month	RNA-Seq	100	4582433200	PRJNA274985	SAMN03334365	2942813629	GEO	public	fastq,run.zq,sra	gs,ncbi,s3	gs.US,ncbi.public,s3.us-east-1	SRX870583	Wild Type	GSM1605910	housed with Het (Q140) mice	Illumina HiSeq 2000	PAIRED	cDNA	TRANSCRIPTOMIC	Mus musculus	ILLUMINA	2016-02-16T00:00:00Z	GSM1605910	male	striatum	SRP053398	C57BL/6	striatum	2015-02-09T21:04:00Z	1
SRR1795214	6 month	RNA-Seq	100	5087145700	PRJNA274985	SAMN03334352	3276802289	GEO	public	fastq,run.zq,sra	gs,ncbi,s3	gs.US,ncbi.public,s3.us-east-1	SRX870584	Wild Type	GSM1605911	housed with Het (Q140) mice	Illumina HiSeq 2000	PAIRED	cDNA	TRANSCRIPTOMIC	Mus musculus	ILLUMINA	2016-02-16T00:00:00Z	GSM1605911	male	striatum	SRP053398	C57BL/6	striatum	2015-02-09T21:08:00Z	1
SRR1795215	6 month	RNA-Seq	100	5282063400	PRJNA274985	SAMN03334107	3389349910	GEO	public	fastq,run.zq,sra	gs,ncbi,s3	gs.US,ncbi.public,s3.us-east-1	SRX870585	Wild Type	GSM1605912	housed with Het (Q140) mice	Illumina HiSeq 2000	PAIRED	cDNA	TRANSCRIPTOMIC	Mus musculus	ILLUMINA	2016-02-16T00:00:00Z	GSM1605912	male	striatum	SRP053398	C57BL/6	striatum	2015-02-09T21:09:00Z	1
SRR1795216	6 month	RNA-Seq	100	5115955300	PRJNA274985	SAMN03334376	3285791948	GEO	public	fastq,run.zq,sra	gs,ncbi,s3	gs.US,ncbi.public,s3.us-east-1	SRX870586	Wild Type	GSM1605913	housed with Het (Q140) mice	Illumina HiSeq 2000	PAIRED	cDNA	TRANSCRIPTOMIC	Mus musculus	ILLUMINA	2016-02-16T00:00:00Z	GSM1605913	male	striatum	SRP053398	C57BL/6	striatum	2015-02-09T21:09:00Z	1
SRR1795217	6 month	RNA-Seq	100	4495423000	PRJNA274985	SAMN03333833	2887513837	GEO	public	fastq,run.zq,sra	gs,ncbi,s3	gs.US,ncbi.public,s3.us-east-1	SRX870587	Wild Type	GSM1605914	housed with Het (Q92) mice	Illumina HiSeq 2000	PAIRED	cDNA	TRANSCRIPTOMIC	Mus musculus	ILLUMINA	2016-02-16T00:00:00Z	GSM1605914	male	striatum	SRP053398	C57BL/6	striatum	2015-02-09T21:04:00Z	1
SRR1795218	6 month	RNA-Seq	100	4864292600	PRJNA274985	SAMN03334316	3141669963	GEO	public	fastq,run.zq,sra	gs,ncbi,s3	gs.US,ncbi.public,s3.us-east-1	SRX870588	Wild Type	GSM1605915	housed with Het (Q92) mice	Illumina HiSeq 2000	PAIRED	cDNA	TRANSCRIPTOMIC	Mus musculus	ILLUMINA	2016-02-16T00:00:00Z	GSM1605915	male	striatum	SRP053398	C57BL/6	striatum	2015-02-09T21:11:00Z	1
SRR1795219	6 month	RNA-Seq	100	4524963800	PRJNA274985	SAMN03334640	2879029026	GEO	public	fastq,run.zq,sra	gs,ncbi,s3	gs.US,ncbi.public,s3.us-east-1	SRX870589	Wild Type	GSM1605916	housed with Het (Q92) mice	Illumina HiSeq 2000	PAIRED	cDNA	TRANSCRIPTOMIC	Mus musculus	ILLUMINA	2016-02-16T00:00:00Z	GSM1605916	male	striatum	SRP053398	C57BL/6	striatum	2015-02-09T21:07:00Z	1
SRR1795220	6 month	RNA-Seq	100	4472519400	PRJNA274985	SAMN03334153	2824636178	GEO	public	fastq,run.zq,sra	gs,ncbi,s3	gs.US,ncbi.public,s3.us-east-1	SRX870590	Wild Type	GSM1605917	housed with Het (Q92) mice	Illumina HiSeq 2000	PAIRED	cDNA	TRANSCRIPTOMIC	Mus musculus	ILLUMINA	2016-02-16T00:00:00Z	GSM1605917	male	striatum	SRP053398	C57BL/6	striatum	2015-02-09T21:08:00Z	1
SRR1795221	10 month	RNA-Seq	102	4032701274	PRJNA274985	SAMN03334292	2751496040	GEO	public	fastq,run.zq,sra	gs,ncbi,s3	gs.US,ncbi.public,s3.us-east-1	SRX870591	Wild Type	GSM1605918	housed with Het (Q20) mice	Illumina HiSeq 2000	PAIRED	cDNA	TRANSCRIPTOMIC	Mus musculus	ILLUMINA	2016-02-16T00:00:00Z	GSM1605918	female	striatum	SRP053398	C57BL/6	striatum	2015-02-09T21:04:00Z	1
SRR1795222	10 month	RNA-Seq	102	4349675250	PRJNA274985	SAMN03333857	3006454064	GEO	public	fastq,run.zq,sra	gs,ncbi,s3	gs.US,ncbi.public,s3.us-east-1	SRX870592	Wild Type	GSM1605919	housed with Het (Q20) mice	Illumina HiSeq 2000	PAIRED	cDNA	TRANSCRIPTOMIC	Mus musculus	ILLUMINA	2016-02-16T00:00:00Z	GSM1605919	female	striatum	SRP053398	C57BL/6	striatum	2015-02-09T21:04:00Z	1
SRR1795223	10 month	RNA-Seq	102	4227700284	PRJNA274985	SAMN03334659	2875890130	GEO	public	fastq,run.zq,sra	gs,ncbi,s3	gs.US,ncbi.public,s3.us-east-1	SRX870593	Wild Type	GSM1605920	housed with Het (Q20) mice	Illumina HiSeq 2000	PAIRED	cDNA	TRANSCRIPTOMIC	Mus musculus	ILLUMINA	2016-02-16T00:00:00Z	GSM1605920	female	striatum	SRP053398	C57BL/6	striatum	2015-02-09T21:05:00Z	1
SRR1795224	10 month	RNA-Seq	102	4289127030	PRJNA274985	SAMN03333850	2949978274	GEO	public	fastq,run.zq,sra	gs,ncbi,s3	gs.US,ncbi.public,s3.us-east-1	SRX870594	Wild Type	GSM1605921	housed with Het (Q20) mice	Illumina HiSeq 2000	PAIRED	cDNA	TRANSCRIPTOMIC	Mus musculus	ILLUMINA	2016-02-16T00:00:00Z	GSM1605921	female	striatum	SRP053398	C57BL/6	striatum	2015-02-09T21:04:00Z	1
SRR1795225	10 month	RNA-Seq	102	4041710118	PRJNA274985	SAMN03334548	2746734087	GEO	public	fastq,run.zq,sra	gs,ncbi,s3	gs.US,ncbi.public,s3.us-east-1	SRX870595	Wild Type	GSM1605922	housed with Het (Q20) mice	Illumina HiSeq 2000	PAIRED	cDNA	TRANSCRIPTOMIC	Mus musculus	ILLUMINA	2016-02-16T00:00:00Z	GSM1605922	male	striatum	SRP053398	C57BL/6	striatum	2015-02-09T21:05:00Z	1
SRR1795226	10 month	RNA-Seq	102	3977591286	PRJNA274985	SAMN03334708	2691375673	GEO	public	fastq,run.zq,sra	gs,ncbi,s3	gs.US,ncbi.public,s3.us-east-1	SRX870596	Wild Type	GSM1605923	housed with Het (Q20) mice	Illumina HiSeq 2000	PAIRED	cDNA	TRANSCRIPTOMIC	Mus musculus	ILLUMINA	2016-02-16T00:00:00Z	GSM1605923	male	striatum	SRP053398	C57BL/6	striatum	2015-02-09T21:03:00Z	1
SRR1795227	10 month	RNA-Seq	102	4157684424	PRJNA274985	SAMN03334013	2850099559	GEO	public	fastq,run.zq,sra	gs,ncbi,s3	gs.US,ncbi.public,s3.us-east-1	SRX870597	Wild Type	GSM1605924	housed with Het (Q20) mice	Illumina HiSeq 2000	PAIRED	cDNA	TRANSCRIPTOMIC	Mus musculus	ILLUMINA	2016-02-16T00:00:00Z	GSM1605924	male	striatum	SRP053398	C57BL/6	striatum	2015-02-09T21:03:00Z	1
SRR1795228	10 month	RNA-Seq	102	4287880080	PRJNA274985	SAMN03334520	3008697146	GEO	public	fastq,run.zq,sra	gs,ncbi,s3	gs.US,ncbi.public,s3.us-east-1	SRX870598	Wild Type	GSM1605925	housed with Het (Q20) mice	Illumina HiSeq 2000	PAIRED	cDNA	TRANSCRIPTOMIC	Mus musculus	ILLUMINA	2016-02-16T00:00:00Z	GSM1605925	male	striatum	SRP053398	C57BL/6	striatum	2015-02-09T21:13:00Z	1